GROUP,PACKAGE,CLASS,INSTRUCTION_MISSED,INSTRUCTION_COVERED,BRANCH_MISSED,BRANCH_COVERED,LINE_MISSED,LINE_COVERED,COMPLEXITY_MISSED,COMPLEXITY_COVERED,METHOD_MISSED,METHOD_COVERED
reporting/ogham-core,fr.sii.ogham.core.message.content,EmailVariant,0,24,0,0,0,3,0,1,0,1
reporting/ogham-core,fr.sii.ogham.core.message.content,TemplateVariantContent,71,37,0,0,9,7,5,3,5,3
reporting/ogham-core,fr.sii.ogham.core.message.content,MultiContent,16,76,0,2,3,16,1,9,1,8
reporting/ogham-core,fr.sii.ogham.core.message.content,ParsedContent,47,59,5,5,9,12,10,6,5,6
reporting/ogham-core,fr.sii.ogham.core.message.content,TemplateContent,6,108,2,4,0,17,2,10,0,9
reporting/ogham-core,fr.sii.ogham.core.message.content,MultiTemplateContent,36,74,3,3,6,14,5,7,3,6
reporting/ogham-core,fr.sii.ogham.core.message.content,StringContent,0,40,0,0,0,10,0,7,0,7
reporting/ogham-core,fr.sii.ogham.core.message.content,StringTemplateContent,0,16,0,0,0,4,0,2,0,2
reporting/ogham-core,fr.sii.ogham.email.exception.attachment.translator,ResourceTranslatorException,5,0,0,0,2,0,1,0,1,0
reporting/ogham-core,fr.sii.ogham.email.message.fluent,BodyBuilder,27,55,0,2,5,13,3,7,3,6
reporting/ogham-core,fr.sii.ogham.email.message.fluent,AttachBuilder,45,134,0,0,8,26,7,15,7,15
reporting/ogham-core,fr.sii.ogham.email.message.fluent,EmbedBuilder,19,108,0,0,3,23,3,12,3,12
reporting/ogham-core,fr.sii.ogham.core.condition.provider,RequiredPropertiesAnnotationProvider,0,72,0,6,0,12,0,5,0,2
reporting/ogham-core,fr.sii.ogham.core.condition.provider,AnnotationConditionProvider,0,73,0,0,0,12,0,2,0,2
reporting/ogham-core,fr.sii.ogham.core.condition.provider,RequiredClassAnnotationProvider,0,74,0,6,0,11,0,6,0,3
reporting/ogham-core,fr.sii.ogham.core.condition.provider,RequiredPropertyAnnotationProvider,0,238,0,16,0,30,0,14,0,6
reporting/ogham-core,fr.sii.ogham.core.condition.provider,ActivableAtRuntimeConditionProvider,0,15,0,2,0,4,0,3,0,2
reporting/ogham-core,fr.sii.ogham.core.condition.provider,ImplementationConditionProvider,0,37,0,0,0,8,0,2,0,2
reporting/ogham-core,fr.sii.ogham.core.condition.provider,RequiredClassesAnnotationProvider,0,69,0,6,0,11,0,5,0,2
reporting/ogham-core,fr.sii.ogham.core.condition.provider,StaticConditionProvider,9,0,0,0,4,0,2,0,2,0
reporting/ogham-core,fr.sii.ogham.core.convert,DefaultConverter,0,52,0,0,0,10,0,2,0,2
reporting/ogham-core,fr.sii.ogham.core.convert,StringToURLConverter,0,46,0,8,0,8,0,7,0,3
reporting/ogham-core,fr.sii.ogham.core.convert,StringToEnumConverter,0,99,0,10,0,16,0,10,0,5
reporting/ogham-core,fr.sii.ogham.core.convert,StringToBooleanConverter,0,106,0,12,0,25,0,11,0,5
reporting/ogham-core,fr.sii.ogham.core.convert,NoConversionNeededConverter,0,9,0,0,0,3,0,3,0,3
reporting/ogham-core,fr.sii.ogham.core.convert,StringToCharsetConverter,0,44,0,8,0,8,0,7,0,3
reporting/ogham-core,fr.sii.ogham.core.convert,StringToArrayConverter,0,88,0,12,0,20,0,11,0,5
reporting/ogham-core,fr.sii.ogham.core.convert,StringToNumberConverter,0,283,2,62,0,57,2,37,0,7
reporting/ogham-core,fr.sii.ogham.core.convert,DelegateConverter,3,70,0,8,1,15,1,8,1,4
reporting/ogham-core,fr.sii.ogham.core.builder.charset,SimpleCharsetDetectorBuilder,42,0,2,0,11,0,6,0,5,0
reporting/ogham-core,fr.sii.ogham.email.attachment,Attachment,84,233,0,6,20,49,10,25,10,22
reporting/ogham-core,fr.sii.ogham.html.inliner.impl.jsoup,ImageInlineUtils,0,51,0,8,0,12,0,6,0,2
reporting/ogham-core,fr.sii.ogham.html.inliner.impl.jsoup,JsoupCssInliner.AtRuleParserContext,0,23,0,0,0,8,0,1,0,1
reporting/ogham-core,fr.sii.ogham.html.inliner.impl.jsoup,JsoupBase64ImageInliner,0,103,0,8,0,17,0,7,0,3
reporting/ogham-core,fr.sii.ogham.html.inliner.impl.jsoup,CssInlineUtils,2,49,2,6,1,11,2,4,0,2
reporting/ogham-core,fr.sii.ogham.html.inliner.impl.jsoup,JsoupCssInliner,9,562,3,69,1,120,3,53,0,20
reporting/ogham-core,fr.sii.ogham.html.inliner.impl.jsoup,JsoupAttachImageInliner,0,136,0,10,0,24,0,8,0,3
reporting/ogham-core,fr.sii.ogham.core.async,ThreadSleepAwaiter,9,25,0,0,3,9,0,3,0,3
reporting/ogham-core,fr.sii.ogham.core.message.fluent,SingleContentBuilder,20,58,0,0,4,14,2,7,2,7
reporting/ogham-core,fr.sii.ogham.sms.sender,PhoneNumberTranslatorSender,21,136,3,9,6,31,3,9,0,6
reporting/ogham-core,fr.sii.ogham.sms.sender,SmsSender,0,17,0,0,0,5,0,2,0,2
reporting/ogham-core,fr.sii.ogham.core.exception.builder,BuildException,4,9,0,0,2,4,1,2,1,2
reporting/ogham-core,fr.sii.ogham.core.util.classpath,SimpleClasspathHelper,16,86,2,8,6,29,3,9,1,6
reporting/ogham-core,fr.sii.ogham.core.exception.filler,FillMessageException,16,0,0,0,6,0,3,0,3,0
reporting/ogham-core,fr.sii.ogham.core.builder.sender,SenderImplementationBuilderHelper,12,142,4,10,1,29,3,10,1,5
reporting/ogham-core,fr.sii.ogham.sms.exception.message,PhoneNumberTranslatorException,13,0,0,0,6,0,3,0,3,0
reporting/ogham-core,fr.sii.ogham.sms.exception.message,ReferenceNumberGenerationException,13,0,0,0,6,0,3,0,3,0
reporting/ogham-core,fr.sii.ogham.sms.exception.message,InvalidReferenceNumberException,10,0,0,0,4,0,2,0,2,0
reporting/ogham-core,fr.sii.ogham.sms.exception.message,NoSplitterAbleToSplitMessageException,0,5,0,0,0,2,0,1,0,1
reporting/ogham-core,fr.sii.ogham.sms.exception.message,AddressingException,13,0,0,0,6,0,3,0,3,0
reporting/ogham-core,fr.sii.ogham.sms.exception.message,SplitMessageException,18,7,0,0,7,3,3,1,3,1
reporting/ogham-core,fr.sii.ogham.sms.exception.message,EncodingException,9,4,0,0,4,2,2,1,2,1
reporting/ogham-core,fr.sii.ogham.core.filler,AbstractMessageAwareFiller,2,45,2,6,0,11,2,6,0,4
reporting/ogham-core,fr.sii.ogham.core.filler,EveryFillerDecorator,0,37,0,2,0,11,0,5,0,4
reporting/ogham-core,fr.sii.ogham.core.filler,SubjectFiller,0,26,1,5,0,10,1,4,0,2
reporting/ogham-core,fr.sii.ogham.core.template.context,SimpleContext,14,36,0,0,1,10,1,5,1,5
reporting/ogham-core,fr.sii.ogham.core.template.context,BeanContext,31,16,0,0,4,5,2,3,2,3
reporting/ogham-core,fr.sii.ogham.core.template.context,LocaleContext,3,24,0,0,1,8,1,4,1,4
reporting/ogham-core,fr.sii.ogham.core.template.context,NullContext,0,7,0,0,0,3,0,3,0,3
reporting/ogham-core,fr.sii.ogham.sms.builder,SenderNumberBuilder,8,35,1,3,3,10,2,5,1,4
reporting/ogham-core,fr.sii.ogham.sms.builder,SmsBuilder,1,220,3,13,1,46,3,16,0,11
reporting/ogham-core,fr.sii.ogham.sms.builder,RecipientNumberFormatBuilder,0,64,1,1,0,13,1,5,0,5
reporting/ogham-core,fr.sii.ogham.sms.builder,PhoneNumbersBuilder,0,49,0,4,0,10,0,6,0,4
reporting/ogham-core,fr.sii.ogham.sms.builder,AutofillSmsBuilder,0,80,0,4,0,15,0,6,0,4
reporting/ogham-core,fr.sii.ogham.sms.builder,AutofillDefaultPhoneNumberBuilder,0,7,0,0,0,2,0,1,0,1
reporting/ogham-core,fr.sii.ogham.sms.builder,PhoneNumberTranslatorPair,0,15,0,0,0,6,0,3,0,3
reporting/ogham-core,fr.sii.ogham.sms.builder,RecipientNumberBuilder,8,35,1,3,3,10,2,5,1,4
reporting/ogham-core,fr.sii.ogham.sms.builder,SenderNumberFormatBuilder,0,122,3,3,0,25,3,9,0,9
reporting/ogham-core,fr.sii.ogham.core.util,WithPriority,15,20,0,0,1,7,1,4,1,4
reporting/ogham-core,fr.sii.ogham.core.util,CssUrlFunction,53,90,0,0,2,15,2,9,2,9
reporting/ogham-core,fr.sii.ogham.core.util,LogUtils.Lazy,7,11,0,0,2,4,2,2,2,2
reporting/ogham-core,fr.sii.ogham.core.util,ArrayUtils,5,49,1,5,1,11,1,4,0,2
reporting/ogham-core,fr.sii.ogham.core.util,PriorizedList,7,54,0,0,2,14,1,8,1,8
reporting/ogham-core,fr.sii.ogham.core.util,BeanUtils.Options,0,27,0,0,0,10,0,5,0,5
reporting/ogham-core,fr.sii.ogham.core.util,ClasspathUtils,0,17,0,0,0,7,0,4,0,4
reporting/ogham-core,fr.sii.ogham.core.util,StringUtils,4,12,0,0,1,3,1,3,1,3
reporting/ogham-core,fr.sii.ogham.core.util,EqualsBuilder,88,175,13,27,18,31,13,17,4,6
reporting/ogham-core,fr.sii.ogham.core.util,BeanUtils,11,138,0,12,2,35,1,14,1,8
reporting/ogham-core,fr.sii.ogham.core.util,HtmlUtils,11,424,3,35,4,77,3,29,0,13
reporting/ogham-core,fr.sii.ogham.core.util,HashCodeBuilder,26,41,0,2,7,9,4,5,4,4
reporting/ogham-core,fr.sii.ogham.core.util,IOUtils,0,30,0,0,0,6,0,4,0,4
reporting/ogham-core,fr.sii.ogham.core.util,Base64Utils,0,4,0,0,0,1,0,1,0,1
reporting/ogham-core,fr.sii.ogham.core.util,BuilderUtils,54,195,7,11,9,30,8,11,2,8
reporting/ogham-core,fr.sii.ogham.core.util,ExceptionUtils,7,112,5,11,2,24,4,12,0,8
reporting/ogham-core,fr.sii.ogham.core.util,LogUtils,5,35,3,5,1,5,3,3,0,2
reporting/ogham-core,fr.sii.ogham.core.util,ResourceUtils,2,30,1,3,0,3,1,3,0,2
reporting/ogham-core,fr.sii.ogham.core.util,PriorizedMatchingHandler,0,23,0,0,0,8,0,4,0,4
reporting/ogham-core,fr.sii.ogham.core.util,ConfigurationValueUtils,0,22,0,4,0,4,0,3,0,1
reporting/ogham-core,fr.sii.ogham.core.util,PriorityComparator,0,17,0,0,0,4,0,2,0,2
reporting/ogham-core,fr.sii.ogham.email.builder,EmailBuilder,20,329,3,29,6,75,6,31,3,18
reporting/ogham-core,fr.sii.ogham.email.builder,ImageInliningBuilder,22,157,4,10,6,32,6,16,2,13
reporting/ogham-core,fr.sii.ogham.email.builder,AutofillDefaultEmailAddressBuilder,0,7,0,0,0,2,0,1,0,1
reporting/ogham-core,fr.sii.ogham.email.builder,AutofillEmailBuilder,0,175,6,16,0,35,6,13,0,8
reporting/ogham-core,fr.sii.ogham.email.builder,CssInliningBuilder,13,88,2,2,4,18,3,10,1,10
reporting/ogham-core,fr.sii.ogham.email.builder,CssHandlingBuilder,2,28,1,3,1,8,1,4,0,3
reporting/ogham-core,fr.sii.ogham.email.builder,AttachImageBuilder,10,64,2,4,2,13,2,4,0,3
reporting/ogham-core,fr.sii.ogham.email.builder,CidBuilder,2,34,1,3,1,11,1,5,0,4
reporting/ogham-core,fr.sii.ogham.email.builder,AttachmentHandlingBuilder,6,84,0,0,1,16,1,7,1,7
reporting/ogham-core,fr.sii.ogham.email.builder,Base64InliningBuilder,0,39,0,0,0,7,0,2,0,2
reporting/ogham-core,fr.sii.ogham.email.builder,ImageHandlingBuilder,2,28,1,3,1,8,1,4,0,3
reporting/ogham-core,fr.sii.ogham.email.builder,AutofillSubjectBuilder,22,102,3,3,7,18,6,5,3,5
reporting/ogham-core,fr.sii.ogham.core.builder.mimetype,SimpleMimetypeDetectionBuilder,34,198,4,18,7,48,5,23,2,15
reporting/ogham-core,fr.sii.ogham.core.builder.mimetype,SimpleTikaBuilder,0,58,0,2,0,11,0,6,0,5
reporting/ogham-core,fr.sii.ogham.core.builder.mimetype,ReplaceMimetypeBuilderDelegate,45,0,0,0,12,0,6,0,6,0
reporting/ogham-core,fr.sii.ogham.core.builder.mimetype,SimpleReplaceMimetypeBuilder.ContainsReplacement,22,0,0,0,6,0,2,0,2,0
reporting/ogham-core,fr.sii.ogham.core.builder.mimetype,TikaBuilderDelegate,34,0,0,0,9,0,5,0,5,0
reporting/ogham-core,fr.sii.ogham.core.builder.mimetype,SimpleReplaceMimetypeBuilder,35,47,0,2,6,10,3,4,3,3
reporting/ogham-core,fr.sii.ogham.core.builder.mimetype,MimetypeDetectionBuilderDelegate,53,12,0,0,10,4,7,2,7,2
reporting/ogham-core,fr.sii.ogham.core.builder.mimetype,SimpleReplaceMimetypeBuilder.PatternReplacement,0,17,0,0,0,5,0,2,0,2
reporting/ogham-core,fr.sii.ogham.core.util.bean,DirectAccessor,0,9,0,0,0,4,0,2,0,2
reporting/ogham-core,fr.sii.ogham.core.util.bean,RecursiveBeanReadWrapper,10,48,1,3,3,15,3,6,2,5
reporting/ogham-core,fr.sii.ogham.core.util.bean,BeanWrapperUtils,18,115,5,17,3,29,5,13,0,7
reporting/ogham-core,fr.sii.ogham.core.util.bean,DefaultRecursiveBeanReadWrapperFactory,0,11,0,0,0,2,0,2,0,2
reporting/ogham-core,fr.sii.ogham.core.util.bean,MapRecursiveBeanReadWrapperFactory,0,12,0,0,0,2,0,2,0,2
reporting/ogham-core,fr.sii.ogham.core.util.bean,ReadMethodAccessor,28,95,1,7,2,17,1,9,0,6
reporting/ogham-core,fr.sii.ogham.core.util.bean,SimpleBeanReadWrapper,0,201,1,23,0,42,1,20,0,9
reporting/ogham-core,fr.sii.ogham.core.util.bean,MapBeanReadWrapper.MapBeanReadWrapperEntry,61,24,14,0,18,7,10,4,3,4
reporting/ogham-core,fr.sii.ogham.core.util.bean,FieldAccessor,2,83,3,5,0,17,3,6,0,5
reporting/ogham-core,fr.sii.ogham.core.util.bean,MapBeanReadWrapper,34,105,0,10,7,25,7,16,7,11
reporting/ogham-core,fr.sii.ogham.core.builder.priority,ImplementationPriorityProvider,0,18,0,0,0,4,0,2,0,2
reporting/ogham-core,fr.sii.ogham.core.builder.priority,AutoDecrementPriorityProvider,0,21,0,0,0,8,0,4,0,4
reporting/ogham-core,fr.sii.ogham.core.builder.priority,AnnotationPriorityProvider,8,47,2,6,2,13,2,5,0,3
reporting/ogham-core,fr.sii.ogham.core.exception.retry,RetryException,4,9,0,0,2,4,1,2,1,2
reporting/ogham-core,fr.sii.ogham.core.exception.retry,MaximumAttemptsReachedException,0,14,0,0,0,4,0,2,0,2
reporting/ogham-core,fr.sii.ogham.core.exception.retry,UnrecoverableException,0,14,0,0,0,4,0,2,0,2
reporting/ogham-core,fr.sii.ogham.core.exception.retry,ExecutionFailedNotRetriedException,8,5,0,0,4,2,2,1,2,1
reporting/ogham-core,fr.sii.ogham.core.exception.retry,RetryExecutionInterruptedException,13,0,0,0,6,0,3,0,3,0
reporting/ogham-core,fr.sii.ogham.core.exception.retry,ExecutionFailureWrapper,9,13,0,0,3,5,3,1,3,1
reporting/ogham-core,fr.sii.ogham.core.exception.retry,RetryExecutionFailureException,4,9,0,0,2,4,1,2,1,2
reporting/ogham-core,fr.sii.ogham.html.translator,InlineCssTranslator,24,156,2,12,4,39,2,14,0,9
reporting/ogham-core,fr.sii.ogham.html.translator,XHTMLTranslator,5,0,0,0,2,0,2,0,2,0
reporting/ogham-core,fr.sii.ogham.html.translator,ExpandCssPropertiesTranslator,5,0,0,0,2,0,2,0,2,0
reporting/ogham-core,fr.sii.ogham.html.translator,InlineImageTranslator,37,246,3,11,8,55,3,15,0,11
reporting/ogham-core,fr.sii.ogham.core.builder.registry,CleanableRegistry,0,56,0,6,0,17,0,7,0,4
reporting/ogham-core,fr.sii.ogham.email.message,Recipient,12,70,0,0,4,11,2,6,2,6
reporting/ogham-core,fr.sii.ogham.email.message,Email,116,600,8,50,28,105,13,59,8,35
reporting/ogham-core,fr.sii.ogham.email.message,RecipientType,0,34,0,0,0,4,0,1,0,1
reporting/ogham-core,fr.sii.ogham.email.message,EmailAddress,0,141,1,9,0,27,1,13,0,9
reporting/ogham-core,fr.sii.ogham.core.mimetype.validation,AllowedMimetypeDecorator,35,23,1,1,4,7,4,3,3,3
reporting/ogham-core,fr.sii.ogham.core.mimetype.validation,MatchMimetypePredicate,12,72,0,2,1,17,1,7,1,6
reporting/ogham-core,fr.sii.ogham.core.template.detector,OrTemplateDetector,0,56,0,6,0,14,0,7,0,4
reporting/ogham-core,fr.sii.ogham.core.template.detector,CompositeTemplateDetector,0,23,0,0,0,8,0,4,0,4
reporting/ogham-core,fr.sii.ogham.core.template.detector,FixedEngineDetector,4,9,0,0,2,4,1,2,1,2
reporting/ogham-core,fr.sii.ogham.core.template.detector,SimpleResourceEngineDetector,2,43,1,3,1,14,1,5,0,4
reporting/ogham-core,fr.sii.ogham.email.filler,EmailFiller,0,109,0,26,0,20,0,16,0,3
reporting/ogham-core,fr.sii.ogham.core.retry,SimpleRetryExecutor,6,190,0,8,2,39,0,15,0,11
reporting/ogham-core,fr.sii.ogham.core.retry,ExponentialDelayRetry,3,46,0,2,1,11,1,5,1,4
reporting/ogham-core,fr.sii.ogham.core.retry,FixedIntervalRetry,3,50,0,4,1,12,1,6,1,4
reporting/ogham-core,fr.sii.ogham.core.retry,PerExecutionDelayRetry,6,66,0,4,2,14,2,7,2,5
reporting/ogham-core,fr.sii.ogham.core.retry,FixedDelayRetry,6,33,0,2,2,9,2,5,2,4
reporting/ogham-core,fr.sii.ogham.core.retry,NamedCallable,0,36,0,0,0,11,0,7,0,7
reporting/ogham-core,fr.sii.ogham.sms.message.addressing,TypeOfNumber,34,92,4,0,4,12,3,3,1,3
reporting/ogham-core,fr.sii.ogham.sms.message.addressing,AddressedPhoneNumber,23,67,1,3,1,11,2,6,1,5
reporting/ogham-core,fr.sii.ogham.sms.message.addressing,NumberingPlanIndicator,34,125,4,0,4,15,3,3,1,3
reporting/ogham-core,fr.sii.ogham.core.translator.resource,DefaultResourceTranslator,5,0,0,0,2,0,2,0,2,0
reporting/ogham-core,fr.sii.ogham.core.translator.resource,EveryResourceTranslator,0,68,0,2,0,18,0,8,0,7
reporting/ogham-core,fr.sii.ogham.core.translator.resource,OverrideNameWrapperResourceTranslator,0,36,0,2,0,11,0,5,0,4
reporting/ogham-core,fr.sii.ogham.core.translator.resource,LookupResourceTranslator,7,36,0,2,2,11,0,5,0,4
reporting/ogham-core,fr.sii.ogham.core.exception.resource,NoResolverException,11,5,0,0,4,2,2,1,2,1
reporting/ogham-core,fr.sii.ogham.core.exception.resource,ResourceResolutionException,18,7,0,0,7,3,3,1,3,1
reporting/ogham-core,fr.sii.ogham.core.exception.template,NoEngineDetectionException,0,4,0,0,0,2,0,1,0,1
reporting/ogham-core,fr.sii.ogham.core.exception.template,BeanContextException,25,0,0,0,10,0,4,0,4,0
reporting/ogham-core,fr.sii.ogham.core.exception.template,ParseException,13,24,0,0,5,9,2,3,2,3
reporting/ogham-core,fr.sii.ogham.core.exception.template,EngineDetectionException,9,4,0,0,4,2,2,1,2,1
reporting/ogham-core,fr.sii.ogham.core.exception.template,ContextException,13,0,0,0,6,0,3,0,3,0
reporting/ogham-core,fr.sii.ogham.core.service,EverySupportingMessagingService,12,81,0,6,4,21,2,6,2,3
reporting/ogham-core,fr.sii.ogham.core.service,CleanableMessagingService,7,51,0,0,2,21,0,6,0,6
reporting/ogham-core,fr.sii.ogham.core.service,WrapExceptionMessagingService,30,45,0,0,4,12,0,2,0,2
reporting/ogham-core,fr.sii.ogham.core.builder.configurer,DefaultMessagingConfigurer,0,785,0,14,0,179,0,25,0,18
reporting/ogham-core,fr.sii.ogham.core.builder.configurer,SendMessageRetryablePredicates,2,90,11,29,0,16,11,17,0,8
reporting/ogham-core,fr.sii.ogham.core.builder.configurer,MessagingConfigurerAdapter,0,29,0,0,0,12,0,7,0,7
reporting/ogham-core,fr.sii.ogham.core.builder.configurer,ConfigurationPhase,0,24,0,0,0,3,0,1,0,1
reporting/ogham-core,fr.sii.ogham.sms,SmsConstants.SmppSplitConstants,0,19,0,0,0,3,0,1,0,1
reporting/ogham-core,fr.sii.ogham.sms,SmsConstants.SmppSplitConstants.SegmentSizes,3,12,0,0,1,5,1,2,1,2
reporting/ogham-core,fr.sii.ogham.core.id.generator,SequentialIdGenerator,12,54,1,3,4,15,1,7,0,6
reporting/ogham-core,fr.sii.ogham.core.id.generator,UUIDGenerator,9,0,0,0,2,0,2,0,2,0
reporting/ogham-core,fr.sii.ogham.core.exception.util,BeanException,17,8,0,0,7,3,3,1,3,1
reporting/ogham-core,fr.sii.ogham.core.exception.util,FieldAccessException,13,0,0,0,6,0,3,0,3,0
reporting/ogham-core,fr.sii.ogham.core.exception.util,InvalidPropertyException,6,21,0,0,2,8,2,2,2,2
reporting/ogham-core,fr.sii.ogham.core.exception.util,HttpException,13,0,0,0,6,0,3,0,3,0
reporting/ogham-core,fr.sii.ogham.core.exception.util,PhoneNumberException,18,7,0,0,7,3,3,1,3,1
reporting/ogham-core,fr.sii.ogham.core.exception.util,BeanWrapperException,0,9,0,0,0,4,0,2,0,2
reporting/ogham-core,fr.sii.ogham.core.condition,OrCondition,26,28,0,4,5,9,3,5,3,3
reporting/ogham-core,fr.sii.ogham.core.condition,PropertyValueCondition,66,21,0,0,5,6,3,2,3,2
reporting/ogham-core,fr.sii.ogham.core.condition,RequiredPropertyCondition,52,15,0,0,5,5,3,2,3,2
reporting/ogham-core,fr.sii.ogham.core.condition,NotCondition,38,15,0,2,5,4,3,3,3,2
reporting/ogham-core,fr.sii.ogham.core.condition,AndCondition,20,34,0,4,3,11,2,6,2,4
reporting/ogham-core,fr.sii.ogham.core.condition,RequiredClassCondition,38,10,0,0,5,4,3,2,3,2
reporting/ogham-core,fr.sii.ogham.core.condition,CompositeCondition,33,24,0,0,5,8,4,4,4,4
reporting/ogham-core,fr.sii.ogham.core.condition,PropertyPatternCondition,66,33,0,6,5,7,3,5,3,2
reporting/ogham-core,fr.sii.ogham.core.condition,FixedCondition,35,9,0,0,5,4,3,2,3,2
reporting/ogham-core,fr.sii.ogham.sms.filler,SmsFiller,0,47,0,12,0,8,0,9,0,3
reporting/ogham-core,fr.sii.ogham.email.sender,AttachmentResourceTranslatorSender,10,97,1,3,3,18,1,6,0,5
reporting/ogham-core,fr.sii.ogham.email.sender,EmailSender,0,17,0,0,0,5,0,2,0,2
reporting/ogham-core,fr.sii.ogham.core.builder.context,EnvBuilderBasedContext,0,50,0,0,0,11,0,8,0,8
reporting/ogham-core,fr.sii.ogham.core.builder.context,DefaultBuildContext,0,54,0,0,0,12,0,9,0,9
reporting/ogham-core,fr.sii.ogham.email.exception.handler,UnresolvableAttachmentResourceHandlerException,0,5,0,0,0,2,0,1,0,1
reporting/ogham-core,fr.sii.ogham.email.exception.handler,NoAttachmentResourceHandlerException,5,0,0,0,2,0,1,0,1,0
reporting/ogham-core,fr.sii.ogham.email.exception.handler,NoContentHandlerException,0,5,0,0,0,2,0,1,0,1
reporting/ogham-core,fr.sii.ogham.email.exception.handler,ContentHandlerException,10,15,0,0,4,6,2,2,2,2
reporting/ogham-core,fr.sii.ogham.email.exception.handler,AttachmentResourceHandlerException,10,15,0,0,4,6,2,2,2,2
reporting/ogham-core,fr.sii.ogham.template.exception,NoResolverAdapterException,11,5,0,0,4,2,2,1,2,1
reporting/ogham-core,fr.sii.ogham.template.exception,ResolverAdapterNotFoundException,4,5,0,0,2,2,1,1,1,1
reporting/ogham-core,fr.sii.ogham.template.exception,ResolverAdapterConfigurationException,16,0,0,0,6,0,3,0,3,0
reporting/ogham-core,fr.sii.ogham.template.exception,TemplateVariantNotFoundException,7,45,2,2,2,8,3,5,1,5
reporting/ogham-core,fr.sii.ogham.template.exception,ResolverAdapterException,18,7,0,0,7,3,3,1,3,1
reporting/ogham-core,fr.sii.ogham.template.exception,VariantResolutionException,3,9,0,0,1,3,1,1,1,1
reporting/ogham-core,fr.sii.ogham.template.exception,UnknownVariantException,7,0,0,0,2,0,1,0,1,0
reporting/ogham-core,fr.sii.ogham.template.exception,TemplateRuntimeException,4,9,0,0,2,4,1,2,1,2
reporting/ogham-core,fr.sii.ogham.core.template.parser,AutoDetectTemplateParser.TemplateImplementation,0,32,0,0,0,7,0,4,0,4
reporting/ogham-core,fr.sii.ogham.core.template.parser,AutoDetectTemplateParser,0,99,0,4,0,19,0,7,0,5
reporting/ogham-core,fr.sii.ogham.template.common.adapter,NullVariantResolver,2,5,0,0,1,2,1,2,1,2
reporting/ogham-core,fr.sii.ogham.template.common.adapter,ExtensionMappingVariantResolver,26,218,6,16,5,46,6,17,0,12
reporting/ogham-core,fr.sii.ogham.template.common.adapter,FirstExistingResourceVariantResolver,28,56,6,6,7,15,4,7,1,4
reporting/ogham-core,fr.sii.ogham.template.common.adapter,FailIfNotFoundVariantResolver,38,0,2,0,6,0,4,0,3,0
reporting/ogham-core,fr.sii.ogham.template.common.adapter,FailIfNotFoundWithTestedPathsVariantResolver,25,83,4,4,7,18,4,7,1,6
reporting/ogham-core,fr.sii.ogham.sms.message,Contact,19,86,3,1,3,18,3,9,1,9
reporting/ogham-core,fr.sii.ogham.sms.message,Sms,92,251,5,9,20,45,10,26,7,22
reporting/ogham-core,fr.sii.ogham.sms.message,PhoneNumber,4,34,0,0,2,7,1,5,1,5
reporting/ogham-core,fr.sii.ogham.sms.message,Sender,5,13,0,0,2,6,1,3,1,3
reporting/ogham-core,fr.sii.ogham.sms.message,Recipient,5,13,0,0,2,6,1,3,1,3
reporting/ogham-core,fr.sii.ogham.core.resource.resolver,StringResourceResolver,0,49,0,8,0,11,0,9,0,5
reporting/ogham-core,fr.sii.ogham.core.resource.resolver,FirstSupportingResourceResolver,13,96,2,8,4,23,4,10,2,7
reporting/ogham-core,fr.sii.ogham.core.resource.resolver,AbstractPrefixedLookupPathResolver,0,76,1,9,0,19,1,10,0,6
reporting/ogham-core,fr.sii.ogham.core.resource.resolver,FileResolver,25,64,0,2,3,15,1,6,1,5
reporting/ogham-core,fr.sii.ogham.core.resource.resolver,ClassPathResolver,18,109,0,4,2,20,0,10,0,8
reporting/ogham-core,fr.sii.ogham.core.resource.resolver,DefaultResourceResolver,44,0,4,0,10,0,7,0,5,0
reporting/ogham-core,fr.sii.ogham.core.resource.resolver,RelativeResolver,20,235,3,15,1,27,3,14,0,8
reporting/ogham-core,fr.sii.ogham.core.builder.template,VariantWithExt,0,15,0,0,0,6,0,3,0,3
reporting/ogham-core,fr.sii.ogham.core.builder.template,TemplateBuilderHelper,32,271,5,23,9,54,8,20,3,11
reporting/ogham-core,fr.sii.ogham.core.exception,InvalidMessageException,3,21,0,0,1,6,1,2,1,2
reporting/ogham-core,fr.sii.ogham.core.exception,MessagingException,0,13,0,0,0,6,0,3,0,3
reporting/ogham-core,fr.sii.ogham.core.exception,MultipleCauseExceptionWrapper,8,23,0,0,3,7,1,3,1,3
reporting/ogham-core,fr.sii.ogham.core.exception,MessagingRuntimeException,4,9,0,0,2,4,1,2,1,2
reporting/ogham-core,fr.sii.ogham.core.exception,MessageException,7,18,0,0,3,7,1,3,1,3
reporting/ogham-core,fr.sii.ogham.core.exception,MessageNotSentException,5,11,0,0,2,4,1,2,1,2
reporting/ogham-core,fr.sii.ogham.core.mimetype,OverrideMimetypeProvider,0,101,0,2,0,22,0,9,0,8
reporting/ogham-core,fr.sii.ogham.core.mimetype,FixedMimeTypeProvider,26,16,0,0,9,6,4,3,4,3
reporting/ogham-core,fr.sii.ogham.core.mimetype,JavaActivationProvider,60,0,0,0,15,0,7,0,7,0
reporting/ogham-core,fr.sii.ogham.core.mimetype,FallbackMimeTypeProvider,42,272,1,9,9,47,2,12,1,8
reporting/ogham-core,fr.sii.ogham.core.mimetype,TikaProvider,21,142,0,4,5,34,1,10,1,8
reporting/ogham-core,fr.sii.ogham.core.mimetype,JavaFilesProvider,63,0,2,0,13,0,7,0,6,0
reporting/ogham-core,fr.sii.ogham.core.builder.retry,FixedDelayBuilder,0,79,0,4,0,18,0,10,0,8
reporting/ogham-core,fr.sii.ogham.core.builder.retry,RetryBuilder,33,183,5,29,7,47,8,27,4,14
reporting/ogham-core,fr.sii.ogham.core.builder.retry,FixedIntervalBuilder,0,79,0,4,0,18,0,10,0,8
reporting/ogham-core,fr.sii.ogham.core.builder.retry,PerExecutionDelayBuilder,6,89,0,6,2,19,1,11,1,8
reporting/ogham-core,fr.sii.ogham.core.builder.retry,ExponentialDelayBuilder,0,79,0,4,0,18,0,10,0,8
reporting/ogham-core,fr.sii.ogham.core.builder.retry,BuilderToRetryStrategyProviderBridge,0,11,0,0,0,4,0,2,0,2
reporting/ogham-core,fr.sii.ogham.core.subject.provider,MultiContentSubjectProvider,0,43,0,6,0,13,0,5,0,2
reporting/ogham-core,fr.sii.ogham.core.subject.provider,FirstSupportingSubjectProvider,0,42,0,4,0,13,0,6,0,4
reporting/ogham-core,fr.sii.ogham.core.subject.provider,HtmlTitleSubjectProvider,0,25,1,5,0,7,1,4,0,2
reporting/ogham-core,fr.sii.ogham.core.subject.provider,TextPrefixSubjectProvider,6,59,2,8,1,15,2,6,0,3
reporting/ogham-core,fr.sii.ogham.core.builder.env,SimplePropertiesBuilder.Property,0,15,0,0,0,6,0,3,0,3
reporting/ogham-core,fr.sii.ogham.core.builder.env,SimpleEnvironmentBuilder,5,204,0,10,2,44,1,19,1,14
reporting/ogham-core,fr.sii.ogham.core.builder.env,ConverterBuilderDelegate,33,0,0,0,10,0,5,0,5,0
reporting/ogham-core,fr.sii.ogham.core.builder.env,PropertiesBuilderDelegate,28,0,0,0,8,0,4,0,4,0
reporting/ogham-core,fr.sii.ogham.core.builder.env,SimpleConverterBuilder,15,71,0,8,4,20,1,10,1,6
reporting/ogham-core,fr.sii.ogham.core.builder.env,SimplePropertiesBuilder,2,74,3,7,0,15,3,6,0,4
reporting/ogham-core,fr.sii.ogham.core.builder.env,SimpleEnvironmentBuilder.PriorityComparator,2,21,1,5,0,3,1,3,0,1
reporting/ogham-core,fr.sii.ogham.core.builder.env,EnvironmentBuilderDelegate,93,0,0,0,23,0,13,0,13,0
reporting/ogham-core,fr.sii.ogham.core.builder,MessagingBuilder,51,442,6,28,7,92,8,46,3,34
reporting/ogham-core,fr.sii.ogham.core.builder,MessagingBuilder.ConfigurerWithPhase,0,15,0,0,0,6,0,3,0,3
reporting/ogham-core,fr.sii.ogham.core.exception.handler,ImageInliningException,8,5,0,0,4,2,2,1,2,1
reporting/ogham-core,fr.sii.ogham.core.exception.handler,ContentTranslatorException,4,9,0,0,2,4,1,2,1,2
reporting/ogham-core,fr.sii.ogham.core.exception.handler,NoContentException,3,13,0,0,1,5,1,2,1,2
reporting/ogham-core,fr.sii.ogham.core.exception.handler,CssInliningException,8,5,0,0,4,2,2,1,2,1
reporting/ogham-core,fr.sii.ogham.core.exception.handler,TemplateNotFoundException,4,9,0,0,2,4,1,2,1,2
reporting/ogham-core,fr.sii.ogham.core.exception.handler,TemplateParsingFailedException,4,9,0,0,2,4,1,2,1,2
reporting/ogham-core,fr.sii.ogham.core.resource,LookupResource,11,76,1,1,1,15,2,7,1,7
reporting/ogham-core,fr.sii.ogham.core.resource,SimpleResource,7,15,0,0,3,4,1,2,1,2
reporting/ogham-core,fr.sii.ogham.core.resource,ByteResource,0,66,0,0,0,11,0,7,0,7
reporting/ogham-core,fr.sii.ogham.core.resource,FileResource,7,63,0,0,2,11,1,7,1,7
reporting/ogham-core,fr.sii.ogham.core.resource,OverrideNameWrapper,19,22,3,1,5,8,3,4,1,4
reporting/ogham-core,fr.sii.ogham.core.builder.filler,AbstractAutofillDefaultValueBuilder,7,23,0,0,2,6,1,2,1,2
reporting/ogham-core,fr.sii.ogham.core.charset,FixedCharsetDetector,45,13,0,0,5,6,5,3,5,3
reporting/ogham-core,fr.sii.ogham.core.charset,SimpleCharsetMatch,15,0,0,0,6,0,3,0,3,0
reporting/ogham-core,fr.sii.ogham.core.translator.content,DefaultContentTranslator,5,0,0,0,2,0,2,0,2,0
reporting/ogham-core,fr.sii.ogham.core.translator.content,EveryContentTranslator,0,71,0,2,0,19,0,8,0,7
reporting/ogham-core,fr.sii.ogham.core.translator.content,MultiContentTranslator,3,150,0,12,1,38,0,14,0,8
reporting/ogham-core,fr.sii.ogham.core.translator.content,TemplateContentTranslator,0,122,0,6,0,28,0,9,0,6
reporting/ogham-core,fr.sii.ogham.core.builder.resolution,FileResolutionBuilder,8,36,0,0,2,7,1,5,1,5
reporting/ogham-core,fr.sii.ogham.core.builder.resolution,ResourceResolutionBuilderHelper.PrefixComparator,2,54,1,7,1,12,1,4,0,1
reporting/ogham-core,fr.sii.ogham.core.builder.resolution,StandaloneResourceResolutionBuilder,11,23,0,0,3,6,2,4,2,4
reporting/ogham-core,fr.sii.ogham.core.builder.resolution,ResourceResolutionBuilderHelper.ResolverHelper,0,19,0,0,0,7,0,3,0,3
reporting/ogham-core,fr.sii.ogham.core.builder.resolution,StringResolutionBuilder,0,12,0,0,0,3,0,2,0,2
reporting/ogham-core,fr.sii.ogham.core.builder.resolution,ResourceResolutionBuilderHelper,8,172,0,20,2,36,1,16,1,6
reporting/ogham-core,fr.sii.ogham.core.builder.resolution,AbstractSingleResolutionBuilder,0,107,0,6,0,22,0,9,0,6
reporting/ogham-core,fr.sii.ogham.core.builder.resolution,ClassPathResolutionBuilder,8,36,0,0,2,7,1,5,1,5
reporting/ogham-core,fr.sii.ogham.core.util.converter,EmailAddressConverter,2,31,1,3,1,6,2,4,1,3
reporting/ogham-core,fr.sii.ogham.core.util.converter,SmsSenderConverter,2,31,1,3,1,6,2,4,1,3
reporting/ogham-core,fr.sii.ogham.sms.message.addressing.translator,CompositePhoneNumberTranslator,12,39,1,3,1,10,1,4,0,3
reporting/ogham-core,fr.sii.ogham.sms.message.addressing.translator,FixedPhoneNumberTranslator,0,19,0,0,0,5,0,2,0,2
reporting/ogham-core,fr.sii.ogham.sms.message.addressing.translator,ShortCodeNumberFormatHandler,0,19,0,6,0,3,0,5,0,2
reporting/ogham-core,fr.sii.ogham.sms.message.addressing.translator,AbstractFixedPhoneNumberHandler,0,15,0,0,0,4,0,2,0,2
reporting/ogham-core,fr.sii.ogham.sms.message.addressing.translator,DefaultHandler,0,7,0,0,0,3,0,2,0,2
reporting/ogham-core,fr.sii.ogham.sms.message.addressing.translator,AlphanumericCodeNumberFormatHandler,0,24,0,6,0,4,0,6,0,3
reporting/ogham-core,fr.sii.ogham.sms.message.addressing.translator,InternationalNumberFormatHandler,0,19,0,6,0,3,0,5,0,2
reporting/ogham-core,fr.sii.ogham.core.sender,AbstractSpecializedSender,0,7,0,0,0,3,0,2,0,2
reporting/ogham-core,fr.sii.ogham.core.sender,MultiImplementationSender,13,124,3,11,5,30,3,14,0,10
reporting/ogham-core,fr.sii.ogham.core.sender,FallbackSender,6,85,0,2,2,18,1,5,1,4
reporting/ogham-core,fr.sii.ogham.core.sender,AutoRetrySender,12,64,1,1,4,14,1,5,0,5
reporting/ogham-core,fr.sii.ogham.core.sender,MultiImplementationSender.Implementation,0,15,0,0,0,6,0,3,0,3
reporting/ogham-core,fr.sii.ogham.core.sender,ContentTranslatorSender,2,94,1,1,1,22,1,5,0,5
reporting/ogham-core,fr.sii.ogham.core.sender,FillerSender,2,67,1,1,1,15,1,5,0,5
reporting/ogham-core,fr.sii.ogham.sms.encoder,EncodedWithHeader,6,44,0,0,2,9,2,3,2,3
reporting/ogham-core,fr.sii.ogham.sms.encoder,EncodedMessage,11,18,0,0,3,7,2,3,2,3
reporting/ogham-core,fr.sii.ogham.core.exception.async,WaitException,9,0,0,0,4,0,2,0,2,0
reporting/ogham-core,fr.sii.ogham.html.inliner,ExternalCss,0,15,0,0,0,6,0,3,0,3
reporting/ogham-core,fr.sii.ogham.html.inliner,ImageInlinerConstants.InlineModes,3,50,0,0,1,8,1,3,1,3
reporting/ogham-core,fr.sii.ogham.html.inliner,ImageResource,42,33,0,0,8,11,2,5,2,5
reporting/ogham-core,fr.sii.ogham.html.inliner,ContentWithImages,4,34,0,0,2,12,1,6,1,6
reporting/ogham-core,fr.sii.ogham.html.inliner,EveryImageInliner,0,56,0,2,0,14,0,5,0,4
reporting/ogham-core,fr.sii.ogham.html.inliner,CssInlinerConstants.InlineModes,3,39,0,0,1,7,1,3,1,3
reporting/ogham-core,fr.sii.ogham.sms.splitter,EncodedSegment,0,13,0,0,0,5,0,3,0,3
reporting/ogham-core,fr.sii.ogham.sms.splitter,NoSplitMessageSplitter,23,23,1,1,5,5,2,2,1,2
reporting/ogham-core,fr.sii.ogham.sms.splitter,FirstSupportingMessageSplitter,2,40,1,5,1,10,1,5,0,3
reporting/ogham-core,fr.sii.ogham.sms.splitter,GsmMessageSplitter,84,270,5,15,11,54,6,14,1,9
reporting/ogham-core,fr.sii.ogham.sms.splitter,GsmBasicCharsetExtensionTableCounter,0,103,0,10,0,17,0,9,0,4
reporting/ogham-core,fr.sii.ogham.sms.splitter,RandomReferenceNumberGenerator,0,30,0,0,0,11,0,4,0,4
reporting/ogham-core,fr.sii.ogham.sms.splitter,StringSegment,53,0,0,0,18,0,6,0,6,0
reporting/ogham-core,fr.sii.ogham.email.message.content,ContentWithAttachments,47,37,5,3,12,8,9,5,5,5
reporting/ogham-core,fr.sii.ogham.core,CoreConstants,0,36,0,0,0,3,0,1,0,1
reporting/ogham-core,fr.sii.ogham.core.exception.mimetype,InvalidMimetypeException,4,9,0,0,2,4,1,2,1,2
reporting/ogham-core,fr.sii.ogham.core.exception.mimetype,MimeTypeException,4,9,0,0,2,4,1,2,1,2
reporting/ogham-core,fr.sii.ogham.core.exception.mimetype,NoMimetypeDetectorException,9,4,0,0,4,2,2,1,2,1
reporting/ogham-core,fr.sii.ogham.core.exception.mimetype,MimeTypeDetectionException,4,9,0,0,2,4,1,2,1,2
reporting/ogham-core,fr.sii.ogham.core.exception.mimetype,UnallowedMimeTypeException,13,0,0,0,6,0,3,0,3,0
reporting/ogham-core,fr.sii.ogham.core.builder.configuration,AlwaysOverride,0,9,0,0,0,4,0,2,0,2
reporting/ogham-core,fr.sii.ogham.core.builder.configuration,CurrentValueNotSetOverride,0,13,0,2,0,4,0,3,0,2
reporting/ogham-core,fr.sii.ogham.core.builder.configuration,MayOverride,0,15,0,0,0,3,0,3,0,3
reporting/ogham-core,fr.sii.ogham.core.builder.configuration,NonNullOverride,0,14,0,2,0,4,0,3,0,2
reporting/ogham-core,fr.sii.ogham.core.builder.configuration,ConfigurationValueBuilderHelper,25,107,7,13,2,31,5,14,1,8
reporting/ogham-core,fr.sii.ogham.core.builder.configuration,ConfigurationValueBuilderDelegate,7,28,0,0,2,9,1,4,1,4
reporting/ogham-core,fr.sii.ogham.core.env,PropertiesBridge,65,28,0,0,16,7,16,5,16,5
reporting/ogham-core,fr.sii.ogham.core.env,FirstExistingPropertiesResolver,89,99,12,16,15,25,9,14,3,6
reporting/ogham-core,fr.sii.ogham.core.env,JavaPropertiesResolver,58,36,6,0,12,9,6,5,3,5
reporting/ogham-core,fr.sii.ogham.core.exception.convert,ConversionException,4,9,0,0,2,4,1,2,1,2
reporting/ogham-core,fr.sii.ogham.core.resource.path,LookupAwareRelativePathResolver,2,238,3,33,1,43,3,24,0,9
reporting/ogham-core,fr.sii.ogham.core.resource.path,RelativePath,41,44,0,0,5,10,4,4,4,4
reporting/ogham-core,fr.sii.ogham.core.resource.path,ResolvedResourcePath,23,65,0,0,1,12,1,6,1,6
reporting/ogham-core,fr.sii.ogham.core.resource.path,LookupAwareRelativePathResolver.LookupMetadata,0,25,0,2,0,9,0,5,0,4
reporting/ogham-core,fr.sii.ogham.core.resource.path,ResolvedString,3,34,0,0,1,9,1,5,1,5
reporting/ogham-core,fr.sii.ogham.core.resource.path,UnresolvedPath,0,47,0,0,0,9,0,5,0,5
reporting/ogham-core,fr.sii.ogham.core.exception.clean,MultipleCleanException,3,8,0,0,1,3,1,1,1,1
reporting/ogham-core,fr.sii.ogham.core.exception.clean,CleanableException,11,14,0,0,4,6,2,2,2,2
reporting/ogham-core,fr.sii.ogham.core.exception.clean,CleanException,5,8,0,0,2,4,1,2,1,2
reporting/ogham-core,fr.sii.ogham.core.exception.clean,CloseException,5,0,0,0,2,0,1,0,1,0
reporting/ogham-core,fr.sii.ogham.core.builder.env.props,PropsBuilder,0,13,0,0,0,4,0,2,0,2
reporting/ogham-core,fr.sii.ogham.core.builder.env.props,AbstractProps,0,15,0,0,0,6,0,3,0,3
reporting/ogham-core,fr.sii.ogham.core.builder.env.props,Props,0,11,0,0,0,4,0,2,0,2
reporting/ogham-core,fr.sii.ogham.core.builder.env.props,PropsPath,15,155,0,10,2,32,0,13,0,8
reporting/ogham-core,fr.sii.ogham.html.inliner.impl.regexp,CssImageInlineUtils,45,353,4,32,5,82,4,27,0,13
reporting/ogham-core,fr.sii.ogham.html.inliner.impl.regexp,MatchedUrl,3,12,0,0,1,5,1,2,1,2
reporting/ogham-core,fr.sii.ogham.html.inliner.impl.regexp,CssImageInlinerConstants.InlineModes,3,50,0,0,1,8,1,3,1,3
reporting/ogham-core,fr.sii.ogham.html.inliner.impl.regexp,RegexBase64BackgroundImageInliner.Encoded,0,15,0,0,0,6,0,3,0,3
reporting/ogham-core,fr.sii.ogham.html.inliner.impl.regexp,CssImageDeclaration,0,21,0,0,0,8,0,4,0,4
reporting/ogham-core,fr.sii.ogham.html.inliner.impl.regexp,RegexAttachBackgroudImageInliner,0,114,0,2,0,18,0,7,0,6
reporting/ogham-core,fr.sii.ogham.html.inliner.impl.regexp,RegexBase64BackgroundImageInliner,0,86,0,2,0,14,0,7,0,6
reporting/ogham-core,fr.sii.ogham.core.condition.fluent,MessageConditions,3,36,0,0,1,11,1,11,1,11
reporting/ogham-core,fr.sii.ogham.core.condition.fluent,FluentCondition,4,43,0,0,1,12,1,4,1,4
reporting/ogham-core,fr.sii.ogham.core.condition.fluent,Conditions,0,98,0,0,0,12,0,12,0,12
reporting/ogham-core,fr.sii.ogham.core.mimetype.replace,FirstMatchingMimetypeReplacer,0,30,0,4,0,9,0,4,0,2
reporting/ogham-core,fr.sii.ogham.core.mimetype.replace,PatternMimetypeReplacer,7,30,0,2,2,10,1,4,1,3
reporting/ogham-core,fr.sii.ogham.core.mimetype.replace,ContainsMimetypeReplacer,6,38,0,8,2,10,1,6,1,2
reporting/ogham-core,fr.sii.ogham.core.fluent,AbstractParent,0,9,0,0,0,4,0,2,0,2
reporting/ogham-email-javamail,fr.sii.ogham.email.sender.impl.javamail,MapAttachmentResourceHandler,19,51,2,4,2,13,2,5,0,4
reporting/ogham-email-javamail,fr.sii.ogham.email.sender.impl.javamail,MultiContentHandler,8,45,0,2,2,13,0,3,0,2
reporting/ogham-email-javamail,fr.sii.ogham.email.sender.impl.javamail,OverrideNameWrapperResourceHandler,30,23,1,1,5,8,1,2,0,2
reporting/ogham-email-javamail,fr.sii.ogham.email.sender.impl.javamail,UpdatableUsernamePasswordAuthenticator,25,0,0,0,7,0,2,0,2,0
reporting/ogham-email-javamail,fr.sii.ogham.email.sender.impl.javamail,PriorizedContentHandler,9,103,0,6,2,22,1,11,1,8
reporting/ogham-email-javamail,fr.sii.ogham.email.sender.impl.javamail,StreamResourceHandler,58,50,1,3,7,15,1,4,0,3
reporting/ogham-email-javamail,fr.sii.ogham.email.sender.impl.javamail,FailResourceHandler,0,13,0,0,0,4,0,2,0,2
reporting/ogham-email-javamail,fr.sii.ogham.email.sender.impl.javamail,MapAttachmentResourceHandler.Mapping,0,15,0,0,0,6,0,3,0,3
reporting/ogham-email-javamail,fr.sii.ogham.email.sender.impl.javamail,JavaMailAttachmentHandler,17,39,0,0,2,12,0,2,0,2
reporting/ogham-email-javamail,fr.sii.ogham.email.sender.impl.javamail,PropertiesUsernamePasswordAuthenticator,9,0,0,0,2,0,1,0,1,0
reporting/ogham-email-javamail,fr.sii.ogham.email.sender.impl.javamail,UsernamePasswordAuthenticator,0,17,0,0,0,5,0,2,0,2
reporting/ogham-email-javamail,fr.sii.ogham.email.sender.impl.javamail,StringContentHandler,18,60,1,1,4,14,1,2,0,2
reporting/ogham-email-javamail,fr.sii.ogham.email.sender.impl.javamail,FileResourceHandler,54,63,0,2,6,13,0,4,0,3
reporting/ogham-email-javamail,fr.sii.ogham.email.sender.impl.javamail,ContentWithAttachmentsHandler,16,62,0,2,4,17,0,4,0,3
reporting/ogham-email-javamail,fr.sii.ogham.email.sender.impl,JavaMailSender,54,334,4,30,10,79,7,33,3,19
reporting/ogham-email-javamail,fr.sii.ogham.email.builder.javamail,JavaMailBuilder,67,387,5,11,18,63,10,29,6,25
reporting/ogham-email-javamail,fr.sii.ogham.email.builder.javamail,OverrideJavaMailResolver,50,132,6,26,12,33,6,23,3,10
reporting/ogham-email-javamail,fr.sii.ogham.email.builder.javamail,UsernamePasswordAuthenticatorBuilder,43,70,6,4,10,15,8,5,4,4
reporting/ogham-email-javamail,fr.sii.ogham.email.builder.javamail,DefaultJavaMailConfigurer.JavaMailConfigurer,0,124,1,5,0,22,1,5,0,3
reporting/ogham-email-javamail,fr.sii.ogham.email.builder.javamail,DefaultJavaMailConfigurer,0,4,0,0,0,1,0,1,0,1
reporting/ogham-email-sendgrid-common,fr.sii.ogham.email.sendgrid.sender.exception,SendGridException,4,9,0,0,2,4,1,2,1,2
reporting/ogham-email-sendgrid-common,fr.sii.ogham.email.sendgrid.sender.exception,AttachmentReadException,17,8,0,0,7,3,3,1,3,1
reporting/ogham-email-sendgrid-common,fr.sii.ogham.email.sendgrid.sender,EmailValidator,11,69,1,13,1,15,1,7,0,1
reporting/ogham-email-sendgrid-common,fr.sii.ogham.email.sendgrid.builder,AbstractSendGridBuilder,24,94,1,3,5,22,2,10,1,9
reporting/ogham-email-sendgrid-v2,fr.sii.ogham.email.sendgrid.v2.sender.impl.sendgrid.client,DelegateSendGridClient,0,92,0,6,0,18,0,6,0,3
reporting/ogham-email-sendgrid-v2,fr.sii.ogham.email.sendgrid.v2.builder.sendgrid,DefaultSendGridV2Configurer,0,4,0,0,0,1,0,1,0,1
reporting/ogham-email-sendgrid-v2,fr.sii.ogham.email.sendgrid.v2.builder.sendgrid,DefaultSendGridV2Configurer.SendGridV2Configurer,0,76,1,5,0,14,1,5,0,3
reporting/ogham-email-sendgrid-v2,fr.sii.ogham.email.sendgrid.v2.builder.sendgrid,SendGridV2Builder,10,221,2,14,3,44,3,19,1,13
reporting/ogham-email-sendgrid-v2,fr.sii.ogham.email.sendgrid.v2.sender.impl.sendgrid.handler,MultiContentHandler,0,65,0,10,0,15,0,7,0,2
reporting/ogham-email-sendgrid-v2,fr.sii.ogham.email.sendgrid.v2.sender.impl.sendgrid.handler,ContentWithAttachmentsHandler,0,41,0,2,0,11,0,4,0,3
reporting/ogham-email-sendgrid-v2,fr.sii.ogham.email.sendgrid.v2.sender.impl.sendgrid.handler,PriorizedContentHandler,9,142,0,14,2,34,1,16,1,9
reporting/ogham-email-sendgrid-v2,fr.sii.ogham.email.sendgrid.v2.sender.impl.sendgrid.handler,StringContentHandler,0,120,1,13,0,28,1,10,0,4
reporting/ogham-email-sendgrid-v2,fr.sii.ogham.email.sendgrid.v2.sender.impl,SendGridV2Sender,17,246,1,17,4,58,2,15,1,7
reporting/ogham-email-sendgrid-v4,fr.sii.ogham.email.sendgrid.v4.sender.impl.sendgrid.compat,CorrectPackageNameEmailCompat,10,20,2,2,4,7,3,3,1,3
reporting/ogham-email-sendgrid-v4,fr.sii.ogham.email.sendgrid.v4.sender.impl.sendgrid.compat,CorrectPackageNamePersonalizationCompat,0,52,0,0,0,13,0,7,0,7
reporting/ogham-email-sendgrid-v4,fr.sii.ogham.email.sendgrid.v4.sender.impl.sendgrid.compat,CompatUtil,12,19,1,3,3,6,1,3,0,2
reporting/ogham-email-sendgrid-v4,fr.sii.ogham.email.sendgrid.v4.sender.impl.sendgrid.compat,CorrectPackageNameMailCompat,0,89,0,4,0,28,0,14,0,12
reporting/ogham-email-sendgrid-v4,fr.sii.ogham.email.sendgrid.v4.sender.impl.sendgrid.compat,CorrectPackageNameAttachmentsCompat,0,36,0,0,0,14,0,7,0,7
reporting/ogham-email-sendgrid-v4,fr.sii.ogham.email.sendgrid.v4.sender.impl.sendgrid.compat,CorrectPackageNameCompatFactory,0,15,0,0,0,4,0,4,0,4
reporting/ogham-email-sendgrid-v4,fr.sii.ogham.email.sendgrid.v4.sender.impl,SendGridV4Sender,39,293,2,20,7,75,3,22,1,12
reporting/ogham-email-sendgrid-v4,fr.sii.ogham.email.sendgrid.v4.builder.sendgrid,DefaultSendGridV4Configurer.SendGridV4Configurer,0,66,1,5,0,13,1,5,0,3
reporting/ogham-email-sendgrid-v4,fr.sii.ogham.email.sendgrid.v4.builder.sendgrid,SendGridV4Builder,51,263,5,21,10,57,8,25,3,17
reporting/ogham-email-sendgrid-v4,fr.sii.ogham.email.sendgrid.v4.builder.sendgrid,DefaultSendGridV4Configurer,0,4,0,0,0,1,0,1,0,1
reporting/ogham-email-sendgrid-v4,fr.sii.ogham.email.sendgrid.v4.sender.impl.sendgrid.handler,MultiContentHandler,0,65,0,10,0,15,0,7,0,2
reporting/ogham-email-sendgrid-v4,fr.sii.ogham.email.sendgrid.v4.sender.impl.sendgrid.handler,ContentWithAttachmentsHandler,0,41,0,2,0,11,0,4,0,3
reporting/ogham-email-sendgrid-v4,fr.sii.ogham.email.sendgrid.v4.sender.impl.sendgrid.handler,StringContentHandler,0,86,0,8,0,24,0,8,0,4
reporting/ogham-email-sendgrid-v4,fr.sii.ogham.email.sendgrid.v4.sender.impl.sendgrid.handler,PriorizedContentHandler,9,142,0,14,2,34,1,16,1,9
reporting/ogham-email-sendgrid-v4,fr.sii.ogham.email.sendgrid.v4.sender.impl.sendgrid.client,CustomizableUrlClient,19,34,0,0,8,9,2,2,2,2
reporting/ogham-email-sendgrid-v4,fr.sii.ogham.email.sendgrid.v4.sender.impl.sendgrid.client,DelegateSendGridClient,16,165,3,17,4,38,3,16,0,9
reporting/ogham-email-sendgrid-v430-compat,fr.sii.ogham.email.sendgrid.v4.sender.impl.sendgrid.compat,WrongPackageNamePersonalizationCompat,18,34,0,0,4,11,2,5,2,5
reporting/ogham-email-sendgrid-v430-compat,fr.sii.ogham.email.sendgrid.v4.sender.impl.sendgrid.compat,WrongPackageNameCompatFactory,0,15,0,0,0,4,0,4,0,4
reporting/ogham-email-sendgrid-v430-compat,fr.sii.ogham.email.sendgrid.v4.sender.impl.sendgrid.compat,WrongPackageNameAttachmentsCompat,0,36,0,0,0,14,0,7,0,7
reporting/ogham-email-sendgrid-v430-compat,fr.sii.ogham.email.sendgrid.v4.sender.impl.sendgrid.compat,WrongPackageNameMailCompat,7,78,2,2,3,21,3,10,1,10
reporting/ogham-email-sendgrid-v430-compat,fr.sii.ogham.email.sendgrid.v4.sender.impl.sendgrid.compat,WrongPackageNameEmailCompat,10,20,2,2,4,7,3,3,1,3
reporting/ogham-sms-cloudhopper,fr.sii.ogham.sms.sender.impl.cloudhopper.exception,KeepAliveException,0,11,0,0,0,4,0,2,0,2
reporting/ogham-sms-cloudhopper,fr.sii.ogham.sms.sender.impl.cloudhopper.exception,SessionException,8,5,0,0,4,2,2,1,2,1
reporting/ogham-sms-cloudhopper,fr.sii.ogham.sms.sender.impl.cloudhopper.exception,DataCodingException,18,7,0,0,7,3,3,1,3,1
reporting/ogham-sms-cloudhopper,fr.sii.ogham.sms.sender.impl.cloudhopper.exception,SmppException,8,5,0,0,4,2,2,1,2,1
reporting/ogham-sms-cloudhopper,fr.sii.ogham.sms.sender.impl.cloudhopper.exception,UnsupportedCharsetException,11,5,0,0,4,2,2,1,2,1
reporting/ogham-sms-cloudhopper,fr.sii.ogham.sms.sender.impl.cloudhopper.exception,MessagePreparationException,5,11,0,0,2,4,1,2,1,2
reporting/ogham-sms-cloudhopper,fr.sii.ogham.sms.sender.impl.cloudhopper.exception,GuessEncodingException,3,7,0,0,1,3,1,1,1,1
reporting/ogham-sms-cloudhopper,fr.sii.ogham.sms.sender.impl.cloudhopper.exception,ConnectionFailedException,0,5,0,0,0,2,0,1,0,1
reporting/ogham-sms-cloudhopper,fr.sii.ogham.sms.sender.impl.cloudhopper,ReuseSessionOptions,5,35,1,1,1,14,2,8,1,8
reporting/ogham-sms-cloudhopper,fr.sii.ogham.sms.sender.impl.cloudhopper,KeepAliveOptions,8,62,1,3,2,23,3,15,2,14
reporting/ogham-sms-cloudhopper,fr.sii.ogham.sms.sender.impl.cloudhopper,ExtendedSmppSessionConfiguration,0,38,0,0,0,16,0,11,0,11
reporting/ogham-sms-cloudhopper,fr.sii.ogham.sms.sender.impl.cloudhopper.encoder,CloudhopperCharsetSupportingEncoder,2,53,1,5,1,8,1,7,0,5
reporting/ogham-sms-cloudhopper,fr.sii.ogham.sms.sender.impl.cloudhopper.encoder,GuessEncodingEncoder,0,72,0,10,0,20,0,10,0,5
reporting/ogham-sms-cloudhopper,fr.sii.ogham.sms.sender.impl.cloudhopper.encoder,MapCloudhopperCharsetEncoder,0,146,0,8,0,28,0,11,0,7
reporting/ogham-sms-cloudhopper,fr.sii.ogham.sms.sender.impl.cloudhopper.encoder,NamedCharset,0,35,0,0,0,8,0,5,0,5
reporting/ogham-sms-cloudhopper,fr.sii.ogham.sms.sender.impl.cloudhopper.splitter,SupportedEncoderConditionalSplitter,2,23,1,1,1,7,1,3,0,3
reporting/ogham-sms-cloudhopper,fr.sii.ogham.sms.sender.impl.cloudhopper.session,KeepSessionAliveStrategy,13,214,6,16,4,65,6,22,0,17
reporting/ogham-sms-cloudhopper,fr.sii.ogham.sms.sender.impl.cloudhopper.session,BaseSessionHandlingStrategy,9,115,0,8,3,32,0,11,0,7
reporting/ogham-sms-cloudhopper,fr.sii.ogham.sms.sender.impl.cloudhopper.session,LogErrorHandler,24,25,5,1,4,8,5,3,0,3
reporting/ogham-sms-cloudhopper,fr.sii.ogham.sms.sender.impl.cloudhopper.session,AlwaysNewSessionStrategy,0,41,0,0,0,16,0,7,0,7
reporting/ogham-sms-cloudhopper,fr.sii.ogham.sms.sender.impl.cloudhopper.session,KeepSessionAliveStrategy.ReconnectionTask,0,26,0,0,0,8,0,2,0,2
reporting/ogham-sms-cloudhopper,fr.sii.ogham.sms.sender.impl.cloudhopper.session,RespondToDeliveryReceiptHandler,36,25,2,0,13,9,7,5,6,5
reporting/ogham-sms-cloudhopper,fr.sii.ogham.sms.sender.impl.cloudhopper.session,EnquireLinkTask,24,69,3,3,6,17,3,3,0,3
reporting/ogham-sms-cloudhopper,fr.sii.ogham.sms.sender.impl.cloudhopper.session,DefaultErrorAnalyzer,11,55,7,13,2,13,7,8,1,4
reporting/ogham-sms-cloudhopper,fr.sii.ogham.sms.sender.impl.cloudhopper.session,RespondToEnquireLinkRequestHandler,36,25,2,0,13,9,7,5,6,5
reporting/ogham-sms-cloudhopper,fr.sii.ogham.sms.sender.impl.cloudhopper.session,MayReuseSessionStrategy,15,155,3,7,6,45,3,15,1,12
reporting/ogham-sms-cloudhopper,fr.sii.ogham.sms.sender.impl.cloudhopper.session,RelayFailureHandler,70,0,0,0,24,0,11,0,11,0
reporting/ogham-sms-cloudhopper,fr.sii.ogham.sms.sender.impl,CloudhopperSMPPSender,26,68,0,2,5,20,0,6,0,5
reporting/ogham-sms-cloudhopper,fr.sii.ogham.sms.builder.cloudhopper,UserDataBuilder.UserDataPropValues,0,15,0,0,0,6,0,3,0,3
reporting/ogham-sms-cloudhopper,fr.sii.ogham.sms.builder.cloudhopper,KeepAliveBuilder,28,141,0,2,4,34,4,16,4,15
reporting/ogham-sms-cloudhopper,fr.sii.ogham.sms.builder.cloudhopper,CloudhopperBuilder,120,1190,18,58,36,147,26,79,13,54
reporting/ogham-sms-cloudhopper,fr.sii.ogham.sms.builder.cloudhopper,CloudhopperSessionOptions,4,90,0,0,2,38,1,26,1,26
reporting/ogham-sms-cloudhopper,fr.sii.ogham.sms.builder.cloudhopper,MessageSplitterBuilder,27,193,3,13,6,37,5,15,2,10
reporting/ogham-sms-cloudhopper,fr.sii.ogham.sms.builder.cloudhopper,DefaultCloudhopperConfigurer,0,4,0,0,0,1,0,1,0,1
reporting/ogham-sms-cloudhopper,fr.sii.ogham.sms.builder.cloudhopper,EncoderBuilder,65,201,7,5,12,39,9,21,5,19
reporting/ogham-sms-cloudhopper,fr.sii.ogham.sms.builder.cloudhopper,LoggingBuilder,12,0,0,0,5,0,3,0,3,0
reporting/ogham-sms-cloudhopper,fr.sii.ogham.sms.builder.cloudhopper,SslBuilder,40,0,2,0,10,0,6,0,5,0
reporting/ogham-sms-cloudhopper,fr.sii.ogham.sms.builder.cloudhopper,SessionBuilder,54,253,1,11,18,49,10,21,9,16
reporting/ogham-sms-cloudhopper,fr.sii.ogham.sms.builder.cloudhopper,ReuseSessionBuilder,0,82,0,0,0,19,0,8,0,8
reporting/ogham-sms-cloudhopper,fr.sii.ogham.sms.builder.cloudhopper,ReadableEncoderBuilder,36,47,4,6,4,16,4,8,0,7
reporting/ogham-sms-cloudhopper,fr.sii.ogham.sms.builder.cloudhopper,StandardEncodingHelper,0,13,0,0,0,4,0,2,0,2
reporting/ogham-sms-cloudhopper,fr.sii.ogham.sms.builder.cloudhopper,CloudhopperRetryablePredicates,22,95,9,17,2,23,9,15,0,11
reporting/ogham-sms-cloudhopper,fr.sii.ogham.sms.builder.cloudhopper,DataCodingSchemeBuilder,33,92,3,5,7,22,5,7,2,6
reporting/ogham-sms-cloudhopper,fr.sii.ogham.sms.builder.cloudhopper,InterfaceVersion,6,181,0,20,1,28,1,16,1,6
reporting/ogham-sms-cloudhopper,fr.sii.ogham.sms.builder.cloudhopper,ReferenceNumberGeneratorBuilder,16,34,2,2,4,9,3,4,1,4
reporting/ogham-sms-cloudhopper,fr.sii.ogham.sms.builder.cloudhopper,DefaultCloudhopperConfigurer.CloudhopperConfigurer,5,713,1,1,2,77,1,3,0,3
reporting/ogham-sms-cloudhopper,fr.sii.ogham.sms.builder.cloudhopper,UserDataBuilder,0,58,0,0,0,13,0,6,0,6
reporting/ogham-sms-cloudhopper,fr.sii.ogham.sms.sender.impl.cloudhopper.preparator,CharsetMapToCharacterEncodingGroupDataCodingProvider,0,88,0,4,0,19,0,5,0,3
reporting/ogham-sms-cloudhopper,fr.sii.ogham.sms.sender.impl.cloudhopper.preparator,TlvMessagePayloadMessagePreparator,5,16,0,0,2,4,1,2,1,2
reporting/ogham-sms-cloudhopper,fr.sii.ogham.sms.sender.impl.cloudhopper.preparator,ShortMessagePreparator,13,12,0,0,4,5,1,2,1,2
reporting/ogham-sms-cloudhopper,fr.sii.ogham.sms.sender.impl.cloudhopper.preparator,BaseMessagePreparator,34,247,3,13,4,53,4,15,1,10
reporting/ogham-sms-cloudhopper,fr.sii.ogham.sms.sender.impl.cloudhopper.preparator,CharsetMapToGeneralGroupDataCodingProvider,0,104,0,4,0,24,0,7,0,5
reporting/ogham-sms-cloudhopper,fr.sii.ogham.sms.sender.impl.cloudhopper.preparator,FixedByteValueDataCodingProvider,10,0,0,0,4,0,2,0,2,0
reporting/ogham-sms-cloudhopper,fr.sii.ogham.sms.sender.impl.cloudhopper.preparator,FirstSupportingDataCodingProvider,0,46,0,4,0,13,0,6,0,4
reporting/ogham-sms-cloudhopper,fr.sii.ogham.sms,CloudhopperConstants,0,8,0,0,0,3,0,1,0,1
reporting/ogham-sms-ovh,fr.sii.ogham.sms.util.http,Response,0,21,0,0,0,8,0,4,0,4
reporting/ogham-sms-ovh,fr.sii.ogham.sms.util.http,HttpStatus,61,654,16,6,6,61,14,7,5,5
reporting/ogham-sms-ovh,fr.sii.ogham.sms.util.http,Parameter,2,23,1,1,0,8,1,4,0,4
reporting/ogham-sms-ovh,fr.sii.ogham.sms.sender.impl.ovh,DefaultSmsCodingDetector,0,625,0,16,0,17,0,14,0,6
reporting/ogham-sms-ovh,fr.sii.ogham.sms.sender.impl.ovh,OvhAuthParams,0,21,0,0,0,8,0,4,0,4
reporting/ogham-sms-ovh,fr.sii.ogham.sms.sender.impl.ovh,OvhOptions,19,28,0,2,8,9,4,6,4,5
reporting/ogham-sms-ovh,fr.sii.ogham.sms.sender.impl.ovh,SmsCoding,0,93,0,8,0,17,0,9,0,5
reporting/ogham-sms-ovh,fr.sii.ogham.sms.util,HttpUtils,26,186,3,13,4,34,4,11,1,6
reporting/ogham-sms-ovh,fr.sii.ogham.sms.sender.impl,OvhSmsSender,24,290,1,13,6,54,3,16,2,10
reporting/ogham-sms-ovh,fr.sii.ogham.sms.builder.ovh,OvhOptionsBuilder,0,93,0,0,0,22,0,11,0,11
reporting/ogham-sms-ovh,fr.sii.ogham.sms.builder.ovh,DefaultOvhSmsConfigurer.OvhSmsConfigurer,3,97,0,0,2,14,0,3,0,3
reporting/ogham-sms-ovh,fr.sii.ogham.sms.builder.ovh,DefaultOvhSmsConfigurer,0,4,0,0,0,1,0,1,0,1
reporting/ogham-sms-ovh,fr.sii.ogham.sms.builder.ovh,OvhSmsBuilder,14,186,2,8,2,39,2,20,0,17
reporting/ogham-sms-smsglobal,fr.sii.ogham.sms.builder.smsglobal,SmsGlobalDataCodingProvider,0,37,0,6,0,7,0,5,0,2
reporting/ogham-sms-smsglobal,fr.sii.ogham.sms.builder.smsglobal,SmsglobalServiceProviderConfigurer,0,4,0,0,0,1,0,1,0,1
reporting/ogham-sms-smsglobal,fr.sii.ogham.sms.builder.smsglobal,SmsglobalServiceProviderConfigurer.SmsglobalConfigurer,0,155,3,11,0,35,3,8,0,4
reporting/ogham-sms-smsglobal,fr.sii.ogham.sms.sender.impl,SmsglobalRestSender,10,0,0,0,4,0,4,0,4,0
reporting/ogham-spring-boot-common-autoconfigure,fr.sii.ogham.spring.template.freemarker,SpringBeansTemplateHashModelEx.new TemplateHashModelEx2.KeyValuePairIterator() {...},40,0,4,0,8,0,5,0,3,0
reporting/ogham-spring-boot-common-autoconfigure,fr.sii.ogham.spring.template.freemarker,SpringBeansTemplateHashModelEx.new Iterator() {...},5,46,2,2,1,6,2,3,0,3
reporting/ogham-spring-boot-common-autoconfigure,fr.sii.ogham.spring.template.freemarker,SpringBeansTemplateHashModelEx.new Iterator() {...},4,43,1,3,1,5,1,4,0,3
reporting/ogham-spring-boot-common-autoconfigure,fr.sii.ogham.spring.template.freemarker,SpringBeansTemplateHashModelEx.3.new TemplateHashModelEx2.KeyValuePair() {...},46,0,0,0,4,0,3,0,3,0
reporting/ogham-spring-boot-common-autoconfigure,fr.sii.ogham.spring.template.freemarker,SpringBeansTemplateHashModelEx,35,29,4,0,4,6,6,3,4,3
reporting/ogham-spring-boot-common-autoconfigure,fr.sii.ogham.spring.template.freemarker,LazySpringBeanAccessModel,4,35,1,1,1,9,2,3,1,3
reporting/ogham-spring-boot-common-autoconfigure,fr.sii.ogham.spring.template,OghamFreemarkerProperties.StaticMethodAccess,0,23,0,0,0,9,0,5,0,5
reporting/ogham-spring-boot-common-autoconfigure,fr.sii.ogham.spring.template,OghamFreemarkerConfiguration,0,15,0,0,0,2,0,2,0,2
reporting/ogham-spring-boot-common-autoconfigure,fr.sii.ogham.spring.template,OghamFreemarkerConfiguration.OghamFreeMarkerNonWebConfiguration,0,9,0,0,0,3,0,3,0,3
reporting/ogham-spring-boot-common-autoconfigure,fr.sii.ogham.spring.template,NoTemplateEngineConfigurer,7,0,0,0,4,0,4,0,4,0
reporting/ogham-spring-boot-common-autoconfigure,fr.sii.ogham.spring.template,OghamFreemarkerProperties.SpringBeansProperties,4,9,0,0,2,3,1,2,1,2
reporting/ogham-spring-boot-common-autoconfigure,fr.sii.ogham.spring.template,OghamThymeleafProperties,4,9,0,0,2,3,1,2,1,2
reporting/ogham-spring-boot-common-autoconfigure,fr.sii.ogham.spring.template,FreemarkerConfigurer,7,382,5,13,1,92,5,14,0,10
reporting/ogham-spring-boot-common-autoconfigure,fr.sii.ogham.spring.template,ThymeLeafConfigurer,0,350,4,8,0,82,4,10,0,8
reporting/ogham-spring-boot-common-autoconfigure,fr.sii.ogham.spring.template,OghamFreemarkerProperties,4,30,0,0,2,10,1,6,1,6
reporting/ogham-spring-boot-common-autoconfigure,fr.sii.ogham.spring.template,OghamFreemarkerConfiguration.OghamFreeMarkerWebConfiguration,0,9,0,0,0,3,0,3,0,3
reporting/ogham-spring-boot-common-autoconfigure,fr.sii.ogham.spring.template,OghamNoTemplateEngineConfiguration,13,0,0,0,2,0,2,0,2,0
reporting/ogham-spring-boot-common-autoconfigure,fr.sii.ogham.spring.template,OghamCommonTemplateProperties,0,10,0,0,0,4,0,3,0,3
reporting/ogham-spring-boot-common-autoconfigure,fr.sii.ogham.spring.template,OghamFreemarkerConfiguration.FreeMarkerDefaultOghamConfiguration,0,23,0,0,0,7,0,4,0,4
reporting/ogham-spring-boot-common-autoconfigure,fr.sii.ogham.spring.email,OghamEmailProperties.ExtractHtmlTitleProperties,0,13,0,0,0,5,0,3,0,3
reporting/ogham-spring-boot-common-autoconfigure,fr.sii.ogham.spring.email,OghamEmailProperties.MimetypeProperties,0,10,0,0,0,4,0,3,0,3
reporting/ogham-spring-boot-common-autoconfigure,fr.sii.ogham.spring.email,OghamEmailProperties.ImageInliningProperties,0,15,0,0,0,5,0,3,0,3
reporting/ogham-spring-boot-common-autoconfigure,fr.sii.ogham.spring.email,OghamEmailProperties.CcProperties,0,10,0,0,0,4,0,3,0,3
reporting/ogham-spring-boot-common-autoconfigure,fr.sii.ogham.spring.email,AbstractSpringSendGridConfigurer,0,108,1,5,0,30,1,9,0,7
reporting/ogham-spring-boot-common-autoconfigure,fr.sii.ogham.spring.email,OghamJavaMailProperties.BodyProperties,0,10,0,0,0,4,0,3,0,3
reporting/ogham-spring-boot-common-autoconfigure,fr.sii.ogham.spring.email,OghamEmailProperties.BccProperties,0,10,0,0,0,4,0,3,0,3
reporting/ogham-spring-boot-common-autoconfigure,fr.sii.ogham.spring.email,OghamJavaMailConfiguration,0,9,0,0,0,2,0,2,0,2
reporting/ogham-spring-boot-common-autoconfigure,fr.sii.ogham.spring.email,OghamSendGridProperties,0,38,0,0,0,16,0,11,0,11
reporting/ogham-spring-boot-common-autoconfigure,fr.sii.ogham.spring.email,OghamJavaMailProperties.AuthenticationProperties,0,17,0,0,0,7,0,5,0,5
reporting/ogham-spring-boot-common-autoconfigure,fr.sii.ogham.spring.email,OghamEmailProperties.ToProperties,0,10,0,0,0,4,0,3,0,3
reporting/ogham-spring-boot-common-autoconfigure,fr.sii.ogham.spring.email,OghamEmailProperties.ExtractFromTextProperties,0,13,0,0,0,5,0,3,0,3
reporting/ogham-spring-boot-common-autoconfigure,fr.sii.ogham.spring.email,OghamEmailProperties.SubjectProperties,0,34,0,0,0,12,0,7,0,7
reporting/ogham-spring-boot-common-autoconfigure,fr.sii.ogham.spring.email,SpringMailConfigurer,0,147,1,3,0,35,1,7,0,6
reporting/ogham-spring-boot-common-autoconfigure,fr.sii.ogham.spring.email,OghamEmailProperties,0,123,0,0,0,41,0,21,0,21
reporting/ogham-spring-boot-common-autoconfigure,fr.sii.ogham.spring.email,OghamJavaMailProperties,0,41,0,0,0,15,0,9,0,9
reporting/ogham-spring-boot-common-autoconfigure,fr.sii.ogham.spring.email,OghamEmailProperties.FromProperties,0,10,0,0,0,4,0,3,0,3
reporting/ogham-spring-boot-common-autoconfigure,fr.sii.ogham.spring.general,MessagingProperties,0,15,0,0,0,5,0,3,0,3
reporting/ogham-spring-boot-common-autoconfigure,fr.sii.ogham.spring.general,SpringGeneralMessagingConfigurer,0,436,0,0,0,102,0,8,0,8
reporting/ogham-spring-boot-common-autoconfigure,fr.sii.ogham.spring.general,OghamGeneralConfiguration,0,61,0,2,0,12,0,8,0,7
reporting/ogham-spring-boot-common-autoconfigure,fr.sii.ogham.spring.general,MessagingProperties.WrapUncaughtExceptionsProperties,0,13,0,0,0,5,0,3,0,3
reporting/ogham-spring-boot-common-autoconfigure,fr.sii.ogham.spring.sms,OghamSmsProperties,0,87,0,0,0,29,0,15,0,15
reporting/ogham-spring-boot-common-autoconfigure,fr.sii.ogham.spring.sms,OghamCloudhopperConfiguration,0,10,0,0,0,2,0,2,0,2
reporting/ogham-spring-boot-common-autoconfigure,fr.sii.ogham.spring.sms,OghamSmsProperties.FromAlphanumericCodeProperties,0,10,0,0,0,4,0,3,0,3
reporting/ogham-spring-boot-common-autoconfigure,fr.sii.ogham.spring.sms,OghamSmsProperties.FromShortCodeProperties,0,10,0,0,0,4,0,3,0,3
reporting/ogham-spring-boot-common-autoconfigure,fr.sii.ogham.spring.sms,OghamCloudhopperProperties.KeepAliveOptions,0,38,0,0,0,16,0,11,0,11
reporting/ogham-spring-boot-common-autoconfigure,fr.sii.ogham.spring.sms,EncoderProperties.AutoGuessProperties,0,10,0,0,0,4,0,3,0,3
reporting/ogham-spring-boot-common-autoconfigure,fr.sii.ogham.spring.sms,UserDataProperties,0,17,0,0,0,7,0,5,0,5
reporting/ogham-spring-boot-common-autoconfigure,fr.sii.ogham.spring.sms,EncoderProperties.Latin1Properties,0,10,0,0,0,4,0,3,0,3
reporting/ogham-spring-boot-common-autoconfigure,fr.sii.ogham.spring.sms,DataCodingSchemeProperties.AutoProperties,0,10,0,0,0,4,0,3,0,3
reporting/ogham-spring-boot-common-autoconfigure,fr.sii.ogham.spring.sms,OghamSmsProperties.ToProperties,0,22,0,0,0,8,0,5,0,5
reporting/ogham-spring-boot-common-autoconfigure,fr.sii.ogham.spring.sms,OghamCloudhopperProperties.ConnectRetryProperties,0,38,0,0,0,16,0,11,0,11
reporting/ogham-spring-boot-common-autoconfigure,fr.sii.ogham.spring.sms,EncoderProperties.Ucs2Properties,0,10,0,0,0,4,0,3,0,3
reporting/ogham-spring-boot-common-autoconfigure,fr.sii.ogham.spring.sms,OghamSmsProperties.FromProperties,8,38,0,0,4,12,2,7,2,7
reporting/ogham-spring-boot-common-autoconfigure,fr.sii.ogham.spring.sms,OghamSmsProperties.ToInternationalFormatProperties,0,10,0,0,0,4,0,3,0,3
reporting/ogham-spring-boot-common-autoconfigure,fr.sii.ogham.spring.sms,OghamOvhSmsProperties,0,46,0,0,0,18,0,11,0,11
reporting/ogham-spring-boot-common-autoconfigure,fr.sii.ogham.spring.sms,EncoderProperties,4,66,0,0,2,22,1,12,1,12
reporting/ogham-spring-boot-common-autoconfigure,fr.sii.ogham.spring.sms,OghamSmsProperties.FromInternationalFormatProperties,0,10,0,0,0,4,0,3,0,3
reporting/ogham-spring-boot-common-autoconfigure,fr.sii.ogham.spring.sms,EncoderProperties.Gsm8bitProperties,0,10,0,0,0,4,0,3,0,3
reporting/ogham-spring-boot-common-autoconfigure,fr.sii.ogham.spring.sms,OghamCloudhopperProperties,0,112,0,0,0,42,0,25,0,25
reporting/ogham-spring-boot-common-autoconfigure,fr.sii.ogham.spring.sms,OghamOvhSmsConfiguration,0,8,0,0,0,2,0,2,0,2
reporting/ogham-spring-boot-common-autoconfigure,fr.sii.ogham.spring.sms,OghamSmppProperties,0,93,0,0,0,35,0,21,0,21
reporting/ogham-spring-boot-common-autoconfigure,fr.sii.ogham.spring.sms,OghamCloudhopperProperties.ReuseSessionOptions,0,24,0,0,0,10,0,7,0,7
reporting/ogham-spring-boot-common-autoconfigure,fr.sii.ogham.spring.sms,SpringOvhSmsConfigurer,16,104,2,2,2,22,2,6,0,6
reporting/ogham-spring-boot-common-autoconfigure,fr.sii.ogham.spring.sms,OghamCloudhopperProperties.SessionProperties,0,109,0,0,0,43,0,27,0,27
reporting/ogham-spring-boot-common-autoconfigure,fr.sii.ogham.spring.sms,OghamOvhSmsProperties.Options,0,27,0,0,0,11,0,7,0,7
reporting/ogham-spring-boot-common-autoconfigure,fr.sii.ogham.spring.sms,SpringCloudhopperConfigurer,9,709,3,3,0,76,3,4,0,4
reporting/ogham-spring-boot-common-autoconfigure,fr.sii.ogham.spring.sms,DataCodingSchemeProperties,0,22,0,0,0,8,0,5,0,5
reporting/ogham-spring-boot-common-autoconfigure,fr.sii.ogham.spring.sms,SplitProperties,0,10,0,0,0,4,0,3,0,3
reporting/ogham-spring-boot-common-autoconfigure,fr.sii.ogham.spring.sms,EncoderProperties.Gsm7bitPackedProperties,0,10,0,0,0,4,0,3,0,3
reporting/ogham-spring-boot-common-autoconfigure,fr.sii.ogham.spring.template.thymeleaf,SpringWebThymeleafContextConverter,23,136,3,5,4,37,3,6,0,5
reporting/ogham-spring-boot-common-autoconfigure,fr.sii.ogham.spring.template.thymeleaf,SpringStandaloneThymeleafContextConverter,3,52,1,1,1,14,1,2,0,2
reporting/ogham-spring-boot-common-autoconfigure,fr.sii.ogham.spring.template.thymeleaf,RequestContextHolderWebContextProvider,0,18,0,0,0,6,0,5,0,5
reporting/ogham-spring-boot-common-autoconfigure,fr.sii.ogham.spring.util,PropertiesUtils,0,13,0,2,0,3,0,2,0,1
reporting/ogham-spring-boot-common-autoconfigure,fr.sii.ogham.spring.env,SpringEnvironmentPropertyResolver,24,22,0,0,4,6,4,4,4,4
reporting/ogham-spring-boot-common-autoconfigure,fr.sii.ogham.spring.common,OghamResolutionProperties,0,27,0,0,0,9,0,5,0,5
reporting/ogham-spring-boot-common-autoconfigure,fr.sii.ogham.spring.common,PrefixSuffixProperties,0,17,0,0,0,7,0,5,0,5
reporting/ogham-spring-boot-common-autoconfigure,fr.sii.ogham.spring.common,MessageSpecificTemplateProperties,0,10,0,0,0,4,0,3,0,3
reporting/ogham-spring-boot-common-autoconfigure,fr.sii.ogham.spring.common,MessageSpecificFreemarkerProperties,0,3,0,0,0,1,0,1,0,1
reporting/ogham-spring-boot-common-autoconfigure,fr.sii.ogham.spring.common,SpringEnvironmentConfigurer,0,25,0,0,0,8,0,4,0,4
reporting/ogham-spring-boot-common-autoconfigure,fr.sii.ogham.spring.common,MessageSpecificThymeleafProperties,0,10,0,0,0,4,0,3,0,3
reporting/ogham-spring-boot-common-autoconfigure,fr.sii.ogham.spring.common,OghamMimetypeProperties.TikaProperties,0,13,0,0,0,5,0,3,0,3
reporting/ogham-spring-boot-common-autoconfigure,fr.sii.ogham.spring.common,SendRetryProperties,0,38,0,0,0,16,0,11,0,11
reporting/ogham-spring-boot-common-autoconfigure,fr.sii.ogham.spring.common,OghamMimetypeProperties,0,25,0,0,0,9,0,5,0,5
reporting/ogham-spring-boot-v1-autoconfigure,fr.sii.ogham.spring.v1.template.thymeleaf,SpringWebContextProvider,0,14,0,0,0,2,0,2,0,2
reporting/ogham-spring-boot-v1-autoconfigure,fr.sii.ogham.spring.v1.template.thymeleaf,NoOpRequestContextWrapper,0,4,0,0,0,2,0,2,0,2
reporting/ogham-spring-boot-v1-autoconfigure,fr.sii.ogham.spring.v1.template.thymeleaf,UpdateCurrentContextMerger,6,44,2,4,2,10,2,5,0,4
reporting/ogham-spring-boot-v1-autoconfigure,fr.sii.ogham.spring.v1.email,SpringSendGridV2Configurer,0,39,0,0,0,13,0,4,0,4
reporting/ogham-spring-boot-v1-autoconfigure,fr.sii.ogham.spring.v1.email,OghamSendGridV2Configuration,0,10,0,0,0,2,0,2,0,2
reporting/ogham-spring-boot-v1-autoconfigure,fr.sii.ogham.spring.v1.autoconfigure,OghamSpringBoot1AutoConfiguration,0,3,0,0,0,1,0,1,0,1
reporting/ogham-spring-boot-v1-autoconfigure,fr.sii.ogham.spring.v1.template,OghamThymeleafV2Configuration,4,79,1,1,1,12,2,13,1,13
reporting/ogham-spring-boot-v2-autoconfigure,fr.sii.ogham.spring.v2.template,OghamThymeleafV3Configuration,4,80,1,1,1,12,2,13,1,13
reporting/ogham-spring-boot-v2-autoconfigure,fr.sii.ogham.spring.v2.template.thymeleaf,WebExpressionContextProvider,0,21,0,0,0,5,0,2,0,2
reporting/ogham-spring-boot-v2-autoconfigure,fr.sii.ogham.spring.v2.template.thymeleaf,UpdateCurrentContextMerger,6,42,2,4,2,10,2,5,0,4
reporting/ogham-spring-boot-v2-autoconfigure,fr.sii.ogham.spring.v2.template.thymeleaf,SpringWebMvcThymeleafRequestContextWrapper,0,15,0,0,0,4,0,2,0,2
reporting/ogham-spring-boot-v2-autoconfigure,fr.sii.ogham.spring.v2.autoconfigure,OghamSpringBoot2AutoConfiguration,0,3,0,0,0,1,0,1,0,1
reporting/ogham-spring-boot-v2-autoconfigure,fr.sii.ogham.spring.v2.email,SpringSendGridV4Configurer,0,36,0,0,0,12,0,4,0,4
reporting/ogham-spring-boot-v2-autoconfigure,fr.sii.ogham.spring.v2.email,OghamSendGridV4Configuration,0,10,0,0,0,2,0,2,0,2
reporting/ogham-template-freemarker,fr.sii.ogham.template.freemarker.builder,FreemarkerSmsBuilder,0,10,0,0,0,4,0,2,0,2
reporting/ogham-template-freemarker,fr.sii.ogham.template.freemarker.builder,FreemarkerConfigurationBuilder,63,160,6,12,14,45,10,17,4,14
reporting/ogham-template-freemarker,fr.sii.ogham.template.freemarker.builder,AbstractFreemarkerMultiContentBuilder,0,58,0,2,0,11,0,5,0,4
reporting/ogham-template-freemarker,fr.sii.ogham.template.freemarker.builder,FreemarkerEmailBuilder,0,6,0,0,0,2,0,1,0,1
reporting/ogham-template-freemarker,fr.sii.ogham.template.freemarker.builder,AbstractFreemarkerBuilder,48,280,3,9,13,51,8,19,5,16
reporting/ogham-template-freemarker,fr.sii.ogham.template.freemarker.configurer,DefaultFreemarkerSmsConfigurer.FreemakerConfigurer,0,200,2,6,0,36,2,6,0,4
reporting/ogham-template-freemarker,fr.sii.ogham.template.freemarker.configurer,DefaultFreemarkerSmsConfigurer,0,4,0,0,0,1,0,1,0,1
reporting/ogham-template-freemarker,fr.sii.ogham.template.freemarker.configurer,DefaultFreemarkerEmailConfigurer,0,4,0,0,0,1,0,1,0,1
reporting/ogham-template-freemarker,fr.sii.ogham.template.freemarker.configurer,DefaultFreemarkerEmailConfigurer.FreemakerConfigurer,0,219,2,6,0,42,2,6,0,4
reporting/ogham-template-freemarker,fr.sii.ogham.template.freemarker.adapter,StringContentTemplateLoader.StringTemplateSource,22,6,0,0,2,3,2,1,2,1
reporting/ogham-template-freemarker,fr.sii.ogham.template.freemarker.adapter,ClassPathResolverAdapter.FixClassTemplateLoader,0,19,0,2,0,4,0,3,0,2
reporting/ogham-template-freemarker,fr.sii.ogham.template.freemarker.adapter,StringResolverAdapter,4,15,1,1,0,4,1,3,0,3
reporting/ogham-template-freemarker,fr.sii.ogham.template.freemarker.adapter,FileResolverAdapter,16,31,0,2,2,8,0,5,0,4
reporting/ogham-template-freemarker,fr.sii.ogham.template.freemarker.adapter,StringContentTemplateLoader,0,18,0,0,0,5,0,5,0,5
reporting/ogham-template-freemarker,fr.sii.ogham.template.freemarker.adapter,FirstSupportingResolverAdapter,3,104,0,12,1,24,1,14,1,8
reporting/ogham-template-freemarker,fr.sii.ogham.template.freemarker.adapter,FileResolverAdapter.FileTemplateLoaderAllowingAbsolutePaths.new PrivilegedExceptionAction() {...},7,40,3,5,1,7,3,3,0,2
reporting/ogham-template-freemarker,fr.sii.ogham.template.freemarker.adapter,FileResolverAdapter.FileTemplateLoaderAllowingAbsolutePaths,6,19,1,1,2,4,1,3,0,3
reporting/ogham-template-freemarker,fr.sii.ogham.template.freemarker.adapter,ClassPathResolverAdapter,3,31,1,3,1,8,1,5,0,4
reporting/ogham-template-freemarker,fr.sii.ogham.template.freemarker.adapter,AbstractFreeMarkerTemplateLoaderOptionsAdapter,3,7,0,0,1,3,1,2,1,2
reporting/ogham-template-freemarker,fr.sii.ogham.template.freemarker,TemplateLoaderOptions,0,3,0,0,0,2,0,1,0,1
reporting/ogham-template-freemarker,fr.sii.ogham.template.freemarker,FreeMarkerFirstSupportingTemplateLoader.AdaptedSource,37,32,6,0,6,9,6,5,3,5
reporting/ogham-template-freemarker,fr.sii.ogham.template.freemarker,SkipLocaleForStringContentTemplateLookupStrategy,17,46,0,4,4,12,0,5,0,3
reporting/ogham-template-freemarker,fr.sii.ogham.template.freemarker,FreeMarkerTemplateDetector,2,85,1,7,1,21,1,8,0,5
reporting/ogham-template-freemarker,fr.sii.ogham.template.freemarker,FreeMarkerParser,9,74,0,2,2,18,0,5,0,4
reporting/ogham-template-freemarker,fr.sii.ogham.template.freemarker,FreeMarkerFirstSupportingTemplateLoader,32,73,0,2,4,15,0,6,0,5
reporting/ogham-template-thymeleaf-common,fr.sii.ogham.template.thymeleaf.common.exception,TemplateResolutionException,17,10,0,0,6,4,3,1,3,1
reporting/ogham-template-thymeleaf-common,fr.sii.ogham.template.thymeleaf.common.buider,AbstractThymeleafMultiContentBuilder,0,58,0,2,0,11,0,5,0,4
reporting/ogham-template-thymeleaf-common,fr.sii.ogham.template.thymeleaf.common.buider,AbstractThymeleafEngineConfigBuilder,247,0,18,0,71,0,33,0,24,0
reporting/ogham-template-thymeleaf-common,fr.sii.ogham.template.thymeleaf.common.buider,AbstractThymeleafBuilder,48,192,4,8,13,43,8,21,5,18
reporting/ogham-template-thymeleaf-common,fr.sii.ogham.template.thymeleaf.common,ThymeleafParser,17,60,0,0,4,14,1,4,1,4
reporting/ogham-template-thymeleaf-common,fr.sii.ogham.template.thymeleaf.common,SimpleThymeleafContextConverter,0,21,0,2,0,6,0,3,0,2
reporting/ogham-template-thymeleaf-common,fr.sii.ogham.template.thymeleaf.common,TemplateResolverOptions,4,13,0,0,2,5,1,4,1,4
reporting/ogham-template-thymeleaf-common,fr.sii.ogham.template.thymeleaf.common.configure,AbstractDefaultThymeleafEmailConfigurer,0,185,1,3,0,38,1,4,0,3
reporting/ogham-template-thymeleaf-common,fr.sii.ogham.template.thymeleaf.common.configure,AbstractDefaultThymeleafSmsConfigurer,0,173,1,3,0,33,1,4,0,3
reporting/ogham-template-thymeleaf-common,fr.sii.ogham.template.thymeleaf.common.adapter,FirstSupportingResolverAdapter,3,97,0,10,1,23,1,12,1,7
reporting/ogham-template-thymeleaf-common,fr.sii.ogham.template.thymeleaf.common.adapter,ClassPathResolverAdapter,0,25,0,2,0,7,0,4,0,3
reporting/ogham-template-thymeleaf-common,fr.sii.ogham.template.thymeleaf.common.adapter,AbstractTemplateResolverOptionsAdapter,3,17,0,0,1,7,1,3,1,3
reporting/ogham-template-thymeleaf-common,fr.sii.ogham.template.thymeleaf.common.adapter,FileResolverAdapter,0,25,0,2,0,7,0,4,0,3
reporting/ogham-template-thymeleaf-v2,fr.sii.ogham.template.thymeleaf.v2,ThymeleafV2TemplateDetector,7,105,0,16,2,26,0,14,0,6
reporting/ogham-template-thymeleaf-v2,fr.sii.ogham.template.thymeleaf.v2,ThymeLeafV2FirstSupportingTemplateResolver,16,60,1,1,2,17,1,5,0,5
reporting/ogham-template-thymeleaf-v2,fr.sii.ogham.template.thymeleaf.v2.resolver,StringTemplateResolver,0,8,0,0,0,3,0,1,0,1
reporting/ogham-template-thymeleaf-v2,fr.sii.ogham.template.thymeleaf.v2.resolver,FixClassLoaderTemplateResolver,1,16,1,1,0,3,1,2,0,2
reporting/ogham-template-thymeleaf-v2,fr.sii.ogham.template.thymeleaf.v2.resolver,StringResourceResolver,0,11,0,0,0,3,0,3,0,3
reporting/ogham-template-thymeleaf-v2,fr.sii.ogham.template.thymeleaf.v2.configure,DefaultThymeleafV2SmsConfigurer,0,4,0,0,0,1,0,1,0,1
reporting/ogham-template-thymeleaf-v2,fr.sii.ogham.template.thymeleaf.v2.configure,DefaultThymeleafV2EmailConfigurer.ThymeleafV2EmailConfigurer,5,18,0,4,2,5,1,6,1,4
reporting/ogham-template-thymeleaf-v2,fr.sii.ogham.template.thymeleaf.v2.configure,DefaultThymeleafV2SmsConfigurer.ThymeleafV2SmsConfigurer,0,18,0,4,0,5,0,6,0,4
reporting/ogham-template-thymeleaf-v2,fr.sii.ogham.template.thymeleaf.v2.configure,DefaultThymeleafV2EmailConfigurer,0,4,0,0,0,1,0,1,0,1
reporting/ogham-template-thymeleaf-v2,fr.sii.ogham.template.thymeleaf.v2.buider,ThymeleafV2SmsBuilder,20,91,1,1,3,14,2,5,1,5
reporting/ogham-template-thymeleaf-v2,fr.sii.ogham.template.thymeleaf.v2.buider,ThymeleafV2EngineConfigBuilder,110,0,12,0,34,0,17,0,11,0
reporting/ogham-template-thymeleaf-v2,fr.sii.ogham.template.thymeleaf.v2.buider,ThymeleafV2EmailBuilder,20,95,1,1,3,14,2,5,1,5
reporting/ogham-template-thymeleaf-v2,fr.sii.ogham.template.thymeleaf.v2.adapter,FixClassPathResolverAdapter,0,25,0,2,0,7,0,4,0,3
reporting/ogham-template-thymeleaf-v2,fr.sii.ogham.template.thymeleaf.v2.adapter,ThymeleafV2TemplateOptionsApplier,0,34,1,3,0,9,1,4,0,3
reporting/ogham-template-thymeleaf-v2,fr.sii.ogham.template.thymeleaf.v2.adapter,StringResolverAdapter,4,21,1,1,0,7,1,3,0,3
reporting/ogham-template-thymeleaf-v3,fr.sii.ogham.template.thymeleaf.v3.adapter,ThymeleafV3TemplateOptionsApplier,0,34,0,4,0,9,0,5,0,3
reporting/ogham-template-thymeleaf-v3,fr.sii.ogham.template.thymeleaf.v3.adapter,StringResolverAdapter,4,21,1,1,0,7,1,3,0,3
reporting/ogham-template-thymeleaf-v3,fr.sii.ogham.template.thymeleaf.v3,ThymeLeafV3FirstSupportingTemplateResolver,20,78,2,4,4,17,2,6,0,5
reporting/ogham-template-thymeleaf-v3,fr.sii.ogham.template.thymeleaf.v3,ThymeleafV3TemplateDetector,7,119,0,18,2,29,0,17,0,8
reporting/ogham-template-thymeleaf-v3,fr.sii.ogham.template.thymeleaf.v3.buider,ThymeleafV3SmsBuilder,20,91,1,1,3,14,2,5,1,5
reporting/ogham-template-thymeleaf-v3,fr.sii.ogham.template.thymeleaf.v3.buider,ThymeleafV3EmailBuilder,20,95,1,1,3,14,2,5,1,5
reporting/ogham-template-thymeleaf-v3,fr.sii.ogham.template.thymeleaf.v3.buider,ThymeleafV3EngineConfigBuilder,6,0,0,0,2,0,1,0,1,0
reporting/ogham-template-thymeleaf-v3,fr.sii.ogham.template.thymeleaf.v3.configure,DefaultThymeleafV3EmailConfigurer.ThymeleafV3EmailConfigurer,5,18,0,4,2,5,1,6,1,4
reporting/ogham-template-thymeleaf-v3,fr.sii.ogham.template.thymeleaf.v3.configure,DefaultThymeleafV3SmsConfigurer.ThymeleafV3SmsConfigurer,5,18,0,4,2,5,1,6,1,4
reporting/ogham-template-thymeleaf-v3,fr.sii.ogham.template.thymeleaf.v3.configure,DefaultThymeleafV3EmailConfigurer,0,4,0,0,0,1,0,1,0,1
reporting/ogham-template-thymeleaf-v3,fr.sii.ogham.template.thymeleaf.v3.configure,DefaultThymeleafV3SmsConfigurer,0,4,0,0,0,1,0,1,0,1
reporting/ogham-test-classpath-runtime,junit.filter,Assumptions,58,0,10,0,11,0,7,0,2,0
reporting/ogham-test-classpath-runtime,fr.sii.ogham.runtime.runner,EmailRunner,134,0,8,0,32,0,10,0,6,0
reporting/ogham-test-classpath-runtime,fr.sii.ogham.runtime.runner,SmsRunner,107,0,8,0,23,0,9,0,5,0
reporting/ogham-test-classpath-runtime,fr.sii.ogham.runtime.checker,JavaMailChecker,180,0,0,0,43,0,6,0,6,0
reporting/ogham-test-classpath-runtime,fr.sii.ogham.runtime.checker,CloudhopperChecker,88,0,0,0,33,0,5,0,5,0
reporting/ogham-test-classpath-runtime,fr.sii.ogham.runtime.checker,SendGridV2Checker,133,0,0,0,26,0,6,0,6,0
reporting/ogham-test-classpath-runtime,fr.sii.ogham.runtime.checker,SendGridV4CheckerProvider,17,0,0,0,4,0,2,0,2,0
reporting/ogham-test-classpath-runtime,fr.sii.ogham.runtime.checker,SendGridV2CheckerProvider,19,0,0,0,5,0,2,0,2,0
reporting/ogham-test-classpath-runtime,fr.sii.ogham.runtime.checker,AutoSendGridCheckerProvider,32,0,8,0,6,0,6,0,2,0
reporting/ogham-test-classpath-runtime,fr.sii.ogham.runtime.checker,SendGridV4Checker,58,0,0,0,15,0,5,0,5,0
reporting/ogham-test-utils,fr.sii.ogham.testing.sms.simulator.bean,SimpleAddress,0,21,0,0,0,8,0,4,0,4
reporting/ogham-test-utils,fr.sii.ogham.testing.sms.simulator.bean,Tag,0,562,0,0,0,52,0,4,0,4
reporting/ogham-test-utils,fr.sii.ogham.testing.sms.simulator.bean,NumberingPlanIndicator,12,147,1,3,1,18,1,5,0,4
reporting/ogham-test-utils,fr.sii.ogham.testing.sms.simulator.bean,SimpleCommand,27,0,0,0,10,0,5,0,5,0
reporting/ogham-test-utils,fr.sii.ogham.testing.sms.simulator.bean,TypeOfNumber,12,114,1,3,1,15,1,5,0,4
reporting/ogham-test-utils,fr.sii.ogham.testing.sms.simulator.bean,Alphabet,12,213,1,3,1,24,1,5,0,4
reporting/ogham-test-utils,fr.sii.ogham.testing.extension.junit.email,RandomPortServerSetup,37,32,7,1,9,9,7,3,3,3
reporting/ogham-test-utils,fr.sii.ogham.testing.extension.junit.email,RandomPortGreenMailRule,3,100,2,4,1,24,2,11,0,10
reporting/ogham-test-utils,fr.sii.ogham.testing.extension.junit.email,RandomPortGreenMailRule.new Statement() {...},0,16,0,0,0,4,0,2,0,2
reporting/ogham-test-utils,fr.sii.ogham.testing.assertion.hamcrest,AbstractHtmlDiffMatcher,0,88,0,4,0,21,0,7,0,5
reporting/ogham-test-utils,fr.sii.ogham.testing.assertion.hamcrest,FixedDescription,12,9,0,0,6,4,6,2,6,2
reporting/ogham-test-utils,fr.sii.ogham.testing.assertion.hamcrest,ThrowableAnyCauseMatcher,0,75,0,10,0,24,0,9,0,4
reporting/ogham-test-utils,fr.sii.ogham.testing.assertion.hamcrest,SimilarHtmlMatcher,12,22,0,0,1,6,1,4,1,4
reporting/ogham-test-utils,fr.sii.ogham.testing.assertion.hamcrest,IdenticalHtmlMatcher,0,34,0,0,0,7,0,5,0,5
reporting/ogham-test-utils,fr.sii.ogham.testing.assertion.hamcrest,OverrideDescription,5,23,0,0,2,7,1,4,1,4
reporting/ogham-test-utils,fr.sii.ogham.testing.assertion.hamcrest,ExceptionMatchers,0,35,0,0,0,6,0,6,0,6
reporting/ogham-test-utils,fr.sii.ogham.testing.assertion.hamcrest,ThrowableMessageMatcher,0,45,0,0,0,11,0,5,0,5
reporting/ogham-test-utils,fr.sii.ogham.testing.assertion.hamcrest,CustomReason,0,25,0,0,0,9,0,5,0,5
reporting/ogham-test-utils,fr.sii.ogham.testing.assertion.context,SingleMessageContext,0,14,0,0,0,4,0,2,0,2
reporting/ogham-test-utils,fr.sii.ogham.testing.assertion.email,AssertAttachment,3,258,1,21,2,39,1,24,0,14
reporting/ogham-test-utils,fr.sii.ogham.testing.assertion.email,By,0,25,0,0,0,6,0,4,0,4
reporting/ogham-test-utils,fr.sii.ogham.testing.assertion.email,AddressesWithContext,0,28,0,0,0,8,0,3,0,3
reporting/ogham-test-utils,fr.sii.ogham.testing.assertion.email,ExpectedEmailHeader,0,68,0,0,0,19,0,9,0,9
reporting/ogham-test-utils,fr.sii.ogham.testing.assertion.email,FluentEmailsAssert,0,87,0,2,0,9,0,7,0,6
reporting/ogham-test-utils,fr.sii.ogham.testing.assertion.email,FluentReceivedEmailsAssert,0,85,0,2,0,9,0,7,0,6
reporting/ogham-test-utils,fr.sii.ogham.testing.assertion.email,AssertEmail,107,876,8,80,37,115,12,80,5,43
reporting/ogham-test-utils,fr.sii.ogham.testing.assertion.email,FluentEmailAssert,100,630,0,32,23,108,1,39,1,23
reporting/ogham-test-utils,fr.sii.ogham.testing.assertion.email,FluentAddressListAssert,0,218,0,16,0,40,0,17,0,9
reporting/ogham-test-utils,fr.sii.ogham.testing.assertion.email,ExpectedAttachment,134,42,0,0,32,14,16,7,16,7
reporting/ogham-test-utils,fr.sii.ogham.testing.assertion.email,PartWithContext,0,28,0,0,0,8,0,3,0,3
reporting/ogham-test-utils,fr.sii.ogham.testing.assertion.email,ExpectedMultiPartEmail,8,12,0,0,2,4,1,2,1,2
reporting/ogham-test-utils,fr.sii.ogham.testing.assertion.email,ExpectedEmail,0,23,0,0,0,6,0,3,0,3
reporting/ogham-test-utils,fr.sii.ogham.testing.assertion.email,ExpectedContent,0,28,0,0,0,10,0,5,0,5
reporting/ogham-test-utils,fr.sii.ogham.testing.assertion.email,FluentPartAssert,117,318,5,29,24,52,6,31,3,17
reporting/ogham-test-utils,fr.sii.ogham.testing.extension.spring,JsmppServerTestConfiguration,0,29,1,1,0,7,1,4,0,4
reporting/ogham-test-utils,fr.sii.ogham.testing.extension.spring,WireMockTestConfiguration,8,0,0,0,2,0,2,0,2,0
reporting/ogham-test-utils,fr.sii.ogham.testing.extension.spring,JsmppServerInitializer,0,43,1,1,0,9,1,3,0,3
reporting/ogham-test-utils,fr.sii.ogham.testing.extension.spring,GreenMailInitializer,0,43,1,1,0,9,1,3,0,3
reporting/ogham-test-utils,fr.sii.ogham.testing.extension.spring,WireMockInitializer,43,0,2,0,9,0,4,0,3,0
reporting/ogham-test-utils,fr.sii.ogham.testing.extension.spring,GreenMailTestConfiguration,0,23,0,0,0,3,0,3,0,3
reporting/ogham-test-utils,fr.sii.ogham.testing.extension.common,TestInformationLogger,2,447,2,4,0,49,2,15,0,14
reporting/ogham-test-utils,fr.sii.ogham.testing.extension.common,Slf4jPrinter,0,57,3,5,0,15,3,7,0,6
reporting/ogham-test-utils,fr.sii.ogham.testing.extension.common,TestInformationLogger.Characters,0,105,0,0,0,13,0,3,0,3
reporting/ogham-test-utils,fr.sii.ogham.testing.extension.common,StringPrinter,0,96,1,1,0,18,1,5,0,5
reporting/ogham-test-utils,fr.sii.ogham.testing.assertion.filter,ContentIdPredicate,7,38,0,0,2,8,0,3,0,3
reporting/ogham-test-utils,fr.sii.ogham.testing.assertion.filter,FileNamePredicate,7,24,0,0,2,5,0,3,0,3
reporting/ogham-test-utils,fr.sii.ogham.testing.assertion.filter,DefaultAttachmentPredicate,20,55,5,15,5,8,5,10,0,5
reporting/ogham-test-utils,fr.sii.ogham.testing.assertion.filter,AnyPredicate,5,0,0,0,2,0,2,0,2,0
reporting/ogham-test-utils,fr.sii.ogham.testing.sms.simulator.config,FixedServerPortProvider,1,9,0,0,1,4,1,2,1,2
reporting/ogham-test-utils,fr.sii.ogham.testing.sms.simulator.config,SimulatorConfiguration,4,31,0,0,2,13,1,9,1,9
reporting/ogham-test-utils,fr.sii.ogham.testing.sms.simulator.config,RandomServerPortProvider,4,22,1,1,2,7,2,2,1,2
reporting/ogham-test-utils,fr.sii.ogham.testing.sms.simulator.config,ServerDelays,60,111,0,0,20,53,20,29,20,29
reporting/ogham-test-utils,fr.sii.ogham.testing.sms.simulator.config,Credentials,0,15,0,0,0,6,0,3,0,3
reporting/ogham-test-utils,fr.sii.ogham.testing.extension.spock,LoggingTestInterceptor,0,44,0,0,0,14,0,3,0,3
reporting/ogham-test-utils,fr.sii.ogham.testing.extension.spock,LoggingTestExtension,11,35,1,3,4,9,2,4,1,3
reporting/ogham-test-utils,fr.sii.ogham.testing.assertion.html,AssertHtml,0,75,1,9,0,20,1,9,0,5
reporting/ogham-test-utils,fr.sii.ogham.testing.mock.classloader,FilterableClassLoader.SetClassAssertionStatusCall,0,16,0,0,0,6,0,2,0,2
reporting/ogham-test-utils,fr.sii.ogham.testing.mock.classloader,FilterableClassLoader,0,206,0,18,0,48,0,22,0,13
reporting/ogham-test-utils,fr.sii.ogham.testing.mock.classloader,FilterableClassLoader.SetDefaultAssertionStatusCall,0,11,0,0,0,5,0,2,0,2
reporting/ogham-test-utils,fr.sii.ogham.testing.mock.classloader,FilterableClassLoader.ClearAssertionStatusCall,0,3,0,0,0,2,0,1,0,1
reporting/ogham-test-utils,fr.sii.ogham.testing.mock.classloader,FilterableClassLoader.SetPackageAssertionStatusCall,0,16,0,0,0,6,0,2,0,2
reporting/ogham-test-utils,fr.sii.ogham.testing.sms.simulator.cloudhopper,CloudhopperSMPPServer,76,0,0,0,23,0,9,0,9,0
reporting/ogham-test-utils,fr.sii.ogham.testing.sms.simulator.cloudhopper,TestSmppServerHandler,73,0,4,0,21,0,10,0,8,0
reporting/ogham-test-utils,fr.sii.ogham.testing.assertion.sms,ExpectedSms,0,21,0,0,0,8,0,4,0,4
reporting/ogham-test-utils,fr.sii.ogham.testing.assertion.sms,FluentReceivedSmsAssert,0,85,0,2,0,9,0,7,0,6
reporting/ogham-test-utils,fr.sii.ogham.testing.assertion.sms,FluentSmsAssert,0,333,0,14,0,64,0,20,0,13
reporting/ogham-test-utils,fr.sii.ogham.testing.assertion.sms,OptionalParameterWithContext,0,52,1,5,0,10,1,6,0,4
reporting/ogham-test-utils,fr.sii.ogham.testing.assertion.sms,FluentPhoneNumberAssert,0,117,0,6,0,22,0,10,0,7
reporting/ogham-test-utils,fr.sii.ogham.testing.assertion.sms,AssertSms,3,348,0,12,2,33,0,22,0,16
reporting/ogham-test-utils,fr.sii.ogham.testing.assertion.sms,ExpectedAddressedPhoneNumber,29,82,4,6,4,19,3,10,1,7
reporting/ogham-test-utils,fr.sii.ogham.testing.assertion.sms,PduRequestWithContext,0,28,0,0,0,8,0,3,0,3
reporting/ogham-test-utils,fr.sii.ogham.testing.assertion.sms,ShortMessageWithContext,0,17,0,0,0,6,0,3,0,3
reporting/ogham-test-utils,fr.sii.ogham.testing.assertion.sms,FluentPduRequestAssert,0,200,0,10,0,35,0,15,0,10
reporting/ogham-test-utils,fr.sii.ogham.testing.assertion.sms,FluentShortMessageMessageAssert,0,122,0,8,0,25,0,12,0,8
reporting/ogham-test-utils,fr.sii.ogham.testing.assertion.sms,PhoneNumberWithContext,0,28,0,0,0,8,0,3,0,3
reporting/ogham-test-utils,fr.sii.ogham.testing.assertion.sms,PhoneNumberInfo,0,52,0,0,0,11,0,6,0,6
reporting/ogham-test-utils,fr.sii.ogham.testing.assertion.sms,FluentSmsListAssert,0,87,0,2,0,9,0,7,0,6
reporting/ogham-test-utils,fr.sii.ogham.testing.assertion.sms,SplitSms,5,49,0,2,2,10,1,5,1,4
reporting/ogham-test-utils,fr.sii.ogham.testing.assertion.sms,FluentOptionalParameterAssert,0,115,0,6,0,22,0,10,0,7
reporting/ogham-test-utils,fr.sii.ogham.testing.util,ResourceUtils,0,42,0,4,0,6,0,5,0,3
reporting/ogham-test-utils,fr.sii.ogham.testing.util,RandomPortUtils.SocketType,7,44,0,0,1,7,1,3,1,3
reporting/ogham-test-utils,fr.sii.ogham.testing.util,HasParent,0,9,0,0,0,4,0,2,0,2
reporting/ogham-test-utils,fr.sii.ogham.testing.util,RandomPortUtils,34,12,0,0,7,3,7,3,7,3
reporting/ogham-test-utils,fr.sii.ogham.testing.util,RandomPortUtils.SocketType.new RandomPortUtils.SocketType() {...},3,17,0,0,2,4,0,2,0,2
reporting/ogham-test-utils,fr.sii.ogham.testing.util,RandomPortUtils.SocketType.new RandomPortUtils.SocketType() {...},14,6,0,0,5,1,1,1,1,1
reporting/ogham-test-utils,fr.sii.ogham.testing.sms.simulator,SmppServerException,8,5,0,0,4,2,2,1,2,1
reporting/ogham-test-utils,fr.sii.ogham.testing.sms.simulator.jsmpp,SlowPduSender,317,53,1,1,42,14,21,6,20,6
reporting/ogham-test-utils,fr.sii.ogham.testing.sms.simulator.jsmpp,ServerStartupException,4,5,0,0,2,2,1,1,1,1
reporting/ogham-test-utils,fr.sii.ogham.testing.sms.simulator.jsmpp,DeliveryReceiptTask,70,129,1,1,16,22,2,3,1,3
reporting/ogham-test-utils,fr.sii.ogham.testing.sms.simulator.jsmpp,UnsecureRandomMessageIDGenerator,7,25,0,0,2,5,0,2,0,2
reporting/ogham-test-utils,fr.sii.ogham.testing.sms.simulator.jsmpp,JSMPPServer,14,76,1,1,4,24,1,6,0,6
reporting/ogham-test-utils,fr.sii.ogham.testing.sms.simulator.jsmpp,OptionalParameterAdapter,2,97,1,9,1,20,1,10,0,6
reporting/ogham-test-utils,fr.sii.ogham.testing.sms.simulator.jsmpp,ConfigurableSMPPServerSessionListener.NullServerConnectionFactory,4,2,0,0,2,1,2,1,2,1
reporting/ogham-test-utils,fr.sii.ogham.testing.sms.simulator.jsmpp,JSMPPServerSimulator,77,307,8,24,19,81,11,22,5,12
reporting/ogham-test-utils,fr.sii.ogham.testing.sms.simulator.jsmpp,WaitBindTask,20,90,1,11,7,24,1,10,0,5
reporting/ogham-test-utils,fr.sii.ogham.testing.sms.simulator.jsmpp,ConfigurableSMPPServerSessionListener,61,96,1,3,15,18,6,7,5,6
reporting/ogham-test-utils,fr.sii.ogham.testing.sms.simulator.jsmpp,SubmitSmAdapter,76,52,0,0,12,9,13,7,13,7
reporting/ogham-test-utils,fr.sii.ogham.testing.sms.simulator.decode,SmsUtils,0,7,0,0,0,2,0,2,0,2
reporting/ogham-test-utils,fr.sii.ogham.testing.sms.simulator.decode,CloudhopperCharsetAdapter,0,11,0,0,0,4,0,2,0,2
reporting/ogham-test-utils,fr.sii.ogham.testing.sms.simulator.decode,MessageDecoder,17,103,2,13,2,24,2,12,0,5
reporting/ogham-test-utils,fr.sii.ogham.testing.util.port,DefaultPortFinder,28,186,2,26,1,34,2,18,0,6
reporting/ogham-test-utils,fr.sii.ogham.testing.extension.junit.sms.config,ServerConfig,13,266,1,11,2,61,3,19,2,14
reporting/ogham-test-utils,fr.sii.ogham.testing.extension.junit.sms.config,SlowConfig.WaitingConfHelper,10,33,2,4,3,8,3,4,1,3
reporting/ogham-test-utils,fr.sii.ogham.testing.extension.junit.sms.config,FixedPortConfig,5,14,1,1,1,5,1,2,0,2
reporting/ogham-test-utils,fr.sii.ogham.testing.extension.junit.sms.config,RandomPortConfig,0,17,0,0,0,5,0,2,0,2
reporting/ogham-test-utils,fr.sii.ogham.testing.extension.junit.sms.config,SlowConfig,291,304,0,2,90,65,45,12,45,11
reporting/ogham-test-utils,fr.sii.ogham.testing.extension.junit,LoggingTestExtension,37,57,2,4,11,14,5,5,3,4
reporting/ogham-test-utils,fr.sii.ogham.testing.extension.junit,LoggingTestRule,37,34,0,0,11,8,4,4,4,4
reporting/ogham-test-utils,fr.sii.ogham.testing.assertion.exception,FilterException,13,0,0,0,6,0,3,0,3,0
reporting/ogham-test-utils,fr.sii.ogham.testing.assertion.exception,ComparisonException,13,0,0,0,6,0,3,0,3,0
reporting/ogham-test-utils,fr.sii.ogham.testing.extension.junit.sms,SmppServerRule.StartServerStatement,0,47,0,0,0,13,0,2,0,2
reporting/ogham-test-utils,fr.sii.ogham.testing.extension.junit.sms,JsmppServerRule,8,20,0,0,2,6,1,4,1,4
reporting/ogham-test-utils,fr.sii.ogham.testing.extension.junit.sms,JsmppServerExtension,13,4,0,0,4,2,3,1,3,1
reporting/ogham-test-utils,fr.sii.ogham.testing.extension.junit.sms,AbstractJUnitSmppServerExt,8,27,1,1,3,7,2,4,1,4
reporting/ogham-test-utils,fr.sii.ogham.testing.extension.junit.sms,SmppServerRule,3,33,0,0,2,9,1,5,1,5
reporting/ogham-test-utils,fr.sii.ogham.testing.extension.junit.sms,SmppServerExtension,48,8,0,0,13,3,3,2,3,2
reporting/ogham-test-utils,fr.sii.ogham.testing.assertion,OghamMatchers,0,10,0,0,0,2,0,2,0,2
reporting/ogham-test-utils,fr.sii.ogham.testing.assertion,OghamAssertions,27,80,0,2,4,13,4,10,4,9
reporting/ogham-test-utils,fr.sii.ogham.testing.assertion.template,AssertTemplate,0,127,0,14,0,31,0,16,0,9
reporting/ogham-test-utils,fr.sii.ogham.testing.assertion.template,AssertTemplate.new Executable() {...},0,9,0,0,0,2,0,2,0,2
reporting/ogham-test-utils,mock.context,SimpleBean,20,98,3,3,4,24,4,10,1,10
reporting/ogham-test-utils,mock.context,NestedBean,14,48,3,3,4,12,4,4,1,4
reporting/ogham-test-utils,fr.sii.ogham.testing.assertion.util,AssertionHelper,4,176,3,27,1,45,3,22,0,10
reporting/ogham-test-utils,fr.sii.ogham.testing.assertion.util,EmailUtils.MessagingRuntimeException,5,0,0,0,2,0,1,0,1,0
reporting/ogham-test-utils,fr.sii.ogham.testing.assertion.util,FailAtEndRegistry,6,63,1,5,2,20,1,7,0,5
reporting/ogham-test-utils,fr.sii.ogham.testing.assertion.util,FailImmediatelyRegistry,1,6,0,0,1,3,1,2,1,2
reporting/ogham-test-utils,fr.sii.ogham.testing.assertion.util,HtmlUtils,7,34,0,4,2,6,0,3,0,1
reporting/ogham-test-utils,fr.sii.ogham.testing.assertion.util,EmailUtils,51,358,7,39,16,77,9,41,2,25
reporting/ogham-test-utils,fr.sii.ogham.testing.assertion.util,MultipleAssertionError,109,91,5,3,14,16,7,7,4,6
reporting/ogham-test-utils,fr.sii.ogham.testing.assertion.wiremock,WireMockMatchers,0,5,0,0,0,1,0,1,0,1
reporting/ogham-test-utils,fr.sii.ogham.testing.assertion.wiremock,SimilarHtmlPattern.new MatchResult() {...},6,13,0,0,1,2,1,2,1,2
reporting/ogham-test-utils,fr.sii.ogham.testing.assertion.wiremock,SimilarHtmlPattern,0,16,0,0,0,4,0,2,0,2
reporting/ogham-test-utils-internal,fr.sii.ogham.testing.assertion,OghamInternalAssertions,0,5,0,0,0,1,0,1,0,1
reporting/ogham-test-utils-internal,fr.sii.ogham.testing.assertion.internal,CloudhopperAssertions,7,64,0,0,2,15,0,10,0,10
reporting/ogham-test-utils-internal,fr.sii.ogham.testing.assertion.internal,JavaMailAssertions,7,36,0,0,2,9,0,5,0,5
reporting/ogham-test-utils-internal,fr.sii.ogham.testing.assertion.internal,MessagingServiceAssertions,10,46,0,0,1,8,1,6,1,6
reporting/ogham-test-utils-internal,fr.sii.ogham.testing.assertion.internal,ThymeleafAssertions,40,24,0,0,2,5,4,3,4,3
reporting/ogham-test-utils-internal,fr.sii.ogham.testing.assertion.internal,ResourceResolverAssertions,18,159,2,16,5,34,2,14,0,7
reporting/ogham-test-utils-internal,fr.sii.ogham.testing.assertion.internal,FreemarkerParserAssertions,14,48,0,0,4,10,0,6,0,6
reporting/ogham-test-utils-internal,fr.sii.ogham.testing.assertion.internal,SendGridAssertions,36,103,2,8,11,28,3,10,1,7
reporting/ogham-test-utils-internal,fr.sii.ogham.testing.assertion.internal,RelativeResolutionAssertions,30,110,0,6,6,19,0,10,0,7
reporting/ogham-test-utils-internal,fr.sii.ogham.testing.assertion.internal,CloudhopperSplitterAssertions,7,34,0,2,2,9,0,4,0,3
reporting/ogham-test-utils-internal,fr.sii.ogham.testing.assertion.internal,FreemarkerConfigurationAssersions,0,25,0,2,0,7,0,3,0,2
reporting/ogham-test-utils-internal,fr.sii.ogham.testing.assertion.internal,ThymeleafParserAssertions,14,53,0,2,4,13,0,7,0,6
reporting/ogham-test-utils-internal,fr.sii.ogham.testing.assertion.internal,CloudhopperUserDataAssertions,7,37,0,0,2,10,0,4,0,4
reporting/ogham-test-utils-internal,fr.sii.ogham.testing.assertion.internal,FreemarkerAssersions,40,24,0,0,8,7,4,3,4,3
reporting/ogham-test-utils-internal,fr.sii.ogham.testing.assertion.internal,SendGridVersion,37,0,0,0,7,0,3,0,3,0
reporting/ogham-test-utils-internal,fr.sii.ogham.testing.assertion.internal.matcher,IsSpringBeanInstance,11,30,3,1,2,10,3,2,1,2
reporting/ogham-test-utils-internal,fr.sii.ogham.testing.assertion.internal.matcher,SpringContextAssertions,0,6,0,0,0,1,0,1,0,1
reporting/ogham-test-utils-internal,fr.sii.ogham.testing.assertion.internal.helper,ImplementationFinder,118,354,7,39,17,78,7,29,0,13
reporting/ogham-test-utils-internal,fr.sii.ogham.testing.assertion.internal.helper,FoundParser,3,12,0,0,1,5,1,2,1,2
